[2026-08-19 11:22:21] [INFO    ] discord.client: logging in using static token
[2026-08-19 11:22:23] [DEBUG   ] discord.http: GET https://discord.com/api/v10/users/@me with None has returned 200
[2026-08-19 11:22:23] [DEBUG   ] discord.http: GET /users/@me has found its initial rate limit bucket hash (78bb8553d9352a5a2f89f9def401287a).
[2026-08-19 11:22:23] [DEBUG   ] discord.http: GET https://discord.com/api/v10/users/@me has received {'id': '1531079830433566800', 'username': 'IT internship bot', 'avatar': None, 'discriminator': '5194', 'public_flags': 0, 'flags': 0, 'bot': True, 'banner': None, 'accent_color': None, 'global_name': None, 'avatar_decoration_data': None, 'collectibles': None, 'display_name_styles': None, 'banner_color': None, 'clan': None, 'primary_guild': None, 'mfa_enabled': False, 'locale': 'en-US', 'premium_type': 0, 'email': None, 'verified': True, 'bio': ''}
[2026-08-19 11:22:23] [DEBUG   ] discord.http: GET https://discord.com/api/v10/oauth2/applications/@me with None has returned 200
[2026-08-19 11:22:23] [DEBUG   ] discord.http: GET /oauth2/applications/@me has found its initial rate limit bucket hash (d28a133af187e91d71d96a223467ce49).
[2026-08-19 11:22:23] [DEBUG   ] discord.http: GET https://discord.com/api/v10/oauth2/applications/@me has received {'id': '1531079830433566800', 'name': 'IT internship bot', 'icon': None, 'description': 'I am creating a discord bot that scrapes websites like LinkedIn and Indeed to find IT internship opportunities', 'type': None, 'summary': '', 'is_monetized': False, 'is_verified': False, 'is_discoverable': False, 'bot': {'id': '1531079830433566800', 'username': 'IT internship bot', 'avatar': None, 'discriminator': '5194', 'public_flags': 0, 'flags': 0, 'bot': True, 'banner': None, 'accent_color': None, 'global_name': None, 'avatar_decoration_data': None, 'collectibles': None, 'display_name_styles': None, 'banner_color': None, 'clan': None, 'primary_guild': None}, 'bot_public': True, 'bot_require_code_grant': False, 'install_params': {'scopes': ['applications.commands'], 'permissions': '0'}, 'integration_types_config': {'0': {'oauth2_install_params': {'scopes': ['applications.commands'], 'permissions': '0'}}, '1': {'oauth2_install_params': {'scopes': ['applications.commands'], 'permissions': '0'}}}, 'verify_key': 'b1734fb9c54c1151d1720aa6d62d396e61525721fc386ec3dfa39a6f113a7c35', 'flags': 565248, 'flags_new': '565248', 'hook': True, 'storefront_available': False, 'redirect_uris': [], 'interactions_endpoint_url': None, 'role_connections_verification_url': None, 'owner': {'id': '1148739534490701895', 'username': 'joepicard223', 'avatar': None, 'discriminator': '0', 'public_flags': 0, 'flags': 0, 'banner': None, 'accent_color': 0, 'global_name': 'Joe', 'avatar_decoration_data': None, 'collectibles': None, 'display_name_styles': None, 'banner_color': '#000000', 'clan': None, 'primary_guild': None}, 'approximate_guild_count': 1, 'approximate_user_install_count': 0, 'approximate_user_authorization_count': 0, 'interactions_event_types': [], 'interactions_version': 1, 'explicit_content_filter': 0, 'rpc_application_state': 0, 'store_application_state': 1, 'verification_state': 1, 'integration_public': True, 'integration_require_code_grant': False, 'private_channel_obfuscation_enabled': False, 'discoverability_state': 1, 'discovery_eligibility_flags': 228, 'monetization_state': 1, 'verification_eligibility_flags': 91036, 'monetization_eligibility_flags': 181988, 'bot_approximate_guild_count': 1, 'team': None, 'internal_guild_restriction': 2, 'approved_consoles': [], 'pricing_localization_strategy': 'localized_price_sets', 'eligible_oauth2_scopes': ['applications.builds.read', 'applications.commands', 'applications.commands.permissions.update', 'applications.entitlements', 'applications.store.update', 'bot', 'connections', 'email', 'gdm.join', 'guilds', 'guilds.join', 'guilds.members.read', 'identify', 'messages.read', 'openid', 'role_connections.write', 'rpc', 'rpc.activities.write', 'rpc.notifications.read', 'rpc.screenshare.read', 'rpc.screenshare.write', 'rpc.video.read', 'rpc.video.write', 'rpc.voice.read', 'rpc.voice.write', 'webhook.incoming']}
[2026-08-19 11:22:23] [DEBUG   ] discord.gateway: Created websocket connected to wss://gateway.discord.gg/
[2026-08-19 11:22:23] [DEBUG   ] discord.gateway: For Shard ID None: WebSocket Event: {'t': None, 's': None, 'op': 10, 'd': {'heartbeat_interval': 41250, '_trace': ['["gateway-prd-arm-us-east1-b-2nl9",{"micros":0.0}]']}}
[2026-08-19 11:22:23] [DEBUG   ] discord.gateway: Shard ID None has sent the IDENTIFY payload.
[2026-08-19 11:22:23] [DEBUG   ] discord.gateway: For Shard ID None: WebSocket Event: {'t': None, 's': None, 'op': 11, 'd': None}
[2026-08-19 11:22:24] [DEBUG   ] discord.gateway: For Shard ID None: WebSocket Event: {'t': 'READY', 's': 1, 'op': 0, 'd': {'v': 10, 'user_settings': {}, 'user': {'verified': True, 'username': 'IT internship bot', 'primary_guild': None, 'mfa_enabled': False, 'id': '1531079830433566800', 'global_name': None, 'flags': 0, 'email': None, 'discriminator': '5194', 'clan': None, 'bot': True, 'avatar': None}, 'session_type': 'normal', 'session_id': 'b46af9aa050fc82f4d2dc1a6f7368cbf', 'resume_gateway_url': 'wss://gateway-us-east1-b.discord.gg', 'relationships': [], 'private_channels': [], 'presences': [], 'guilds': [{'unavailable': True, 'id': '1531083629030014977'}], 'guild_join_requests': [], 'geo_ordered_rtc_regions': ['newark', 'us-east', 'us-central', 'atlanta', 'us-south'], 'game_relationships': [], 'auth': {}, 'application': {'id': '1531079830433566800', 'flags_new': '565248', 'flags': 565248}, '_trace': ['["gateway-prd-arm-us-east1-b-2nl9",{"micros":403429,"calls":["id_created",{"micros":823,"calls":[]},"session_lookup_time",{"micros":4359,"calls":[]},"session_lookup_finished",{"micros":10,"calls":[]},"sessions-prd-gcp-us-east1-b-49",{"micros":397861,"calls":["start_session",{"micros":383787,"calls":["prd-rpc-5bb7bdff79-tc4sv",{"micros":215355,"calls":["get_user",{"micros":15202},"get_guilds",{"micros":52725},"send_scheduled_deletion_message",{"micros":14},"guild_join_requests",{"micros":4},"authorized_ip_coro",{"micros":8},"pending_payments",{"micros":2312},"apex_experiments",{"micros":114995},"sessions_experiments",{"micros":4},"played_application_ids",{"micros":4},"linked_users",{"micros":3},"ad_personalization_toggles_disabled",{"micros":7},"regional_feature_config",{"micros":3}]}]},"starting_guild_connect",{"micros":30,"calls":[]},"lobbies_started",{"micros":1,"calls":[]},"presence_started",{"micros":306,"calls":[]},"guilds_started",{"micros":104,"calls":[]},"guilds_connect",{"micros":3,"calls":[]},"presence_connect",{"micros":13601,"calls":[]},"connect_finished",{"micros":13614,"calls":[]},"build_ready",{"micros":16,"calls":[]},"clean_ready",{"micros":2,"calls":[]},"optimize_ready",{"micros":0,"calls":[]},"split_ready",{"micros":1,"calls":[]}]}]}]']}}
[2026-08-19 11:22:24] [DEBUG   ] discord.client: Dispatching event socket_event_type
[2026-08-19 11:22:24] [INFO    ] discord.gateway: Shard ID None has connected to Gateway (Session ID: b46af9aa050fc82f4d2dc1a6f7368cbf).
[2026-08-19 11:22:24] [DEBUG   ] discord.client: Dispatching event connect
[2026-08-19 11:22:24] [DEBUG   ] discord.gateway: For Shard ID None: WebSocket Event: {'t': 'GUILD_CREATE', 's': 2, 'op': 0, 'd': {'guild_space_settings': {'publish_status': 0, 'enabled': True}, 'max_video_channel_users': 25, 'application_command_counts': {}, 'profile': None, 'max_members': 25000000, 'splash': None, 'owner_id': '1148739534490701895', 'rules_channel_id': None, 'lazy': True, 'inventory_settings': None, 'presences': [], 'owner_configured_content_level': 0, 'banner': None, 'explicit_content_filter': 0, 'embedded_activities': [], 'id': '1531083629030014977', 'theme': None, 'application_id': None, 'name': 'Discord bot testing', 'verification_role_id': None, 'channels': [{'version': 1785109183531, 'type': 4, 'position': 0, 'permission_overwrites': [], 'name': 'Text Channels', 'id': '1531083629881724997', 'flags': 0}, {'version': 1785109183540, 'type': 4, 'position': 0, 'permission_overwrites': [], 'name': 'Voice Channels', 'id': '1531083629881724998', 'flags': 0}, {'version': 1785109183555, 'type': 0, 'topic': None, 'rate_limit_per_user': 0, 'position': 0, 'permission_overwrites': [], 'parent_id': '1531083629881724997', 'name': 'general', 'last_message_id': '1539655036576211034', 'id': '1531083629881724999', 'icon_emoji': {'name': '👋', 'id': None}, 'flags': 0}, {'version': 1785109183571, 'user_limit': 0, 'type': 2, 'rtc_region': None, 'rate_limit_per_user': 0, 'position': 0, 'permission_overwrites': [], 'parent_id': '1531083629881724998', 'name': 'General', 'last_message_id': None, 'id': '1531083629881725002', 'icon_emoji': {'name': '🎙', 'id': None}, 'flags': 0, 'bitrate': 64000}], 'roles': [{'version': 1785109183511, 'unicode_emoji': None, 'tags': {}, 'position': 0, 'permissions': '2248473465835073', 'name': '@everyone', 'mentionable': False, 'managed': False, 'id': '1531083629030014977', 'icon': None, 'hoist': False, 'flags': 0, 'colors': {'tertiary_color': None, 'secondary_color': None, 'primary_color': 0}, 'color': 0}, {'version': 1785109275483, 'unicode_emoji': None, 'tags': {'bot_id': '1531079830433566800'}, 'position': 1, 'permissions': '8', 'name': 'IT internship bot', 'mentionable': False, 'managed': True, 'id': '1531083924971720728', 'icon': None, 'hoist': False, 'flags': 0, 'colors': {'tertiary_color': None, 'secondary_color': None, 'primary_color': 0}, 'color': 0}], 'soundboard_sounds': [], 'stage_instances': [], 'public_updates_channel_id': None, 'moderator_reporting': None, 'threads': [], 'system_channel_flags': 0, 'joined_at': '2026-07-26T23:40:54.004000+00:00', 'latest_onboarding_question_id': None, 'premium_progress_bar_enabled': False, 'hub_type': None, 'members': [{'user': {'username': 'IT internship bot', 'public_flags': 0, 'primary_guild': None, 'id': '1531079830433566800', 'global_name': None, 'display_name_styles': None, 'display_name': None, 'discriminator': '5194', 'collectibles': None, 'bot': True, 'avatar_decoration_data': None, 'avatar': None}, 'roles': ['1531083924971720728'], 'premium_since': None, 'pending': False, 'nick': None, 'mute': False, 'joined_at': '2026-07-26T23:40:54.004000+00:00', 'flags': 0, 'deaf': False, 'communication_disabled_until': None, 'banner': None, 'avatar': None}], 'home_header': None, 'description': None, 'verification_level': 0, 'emojis': [], 'preferred_locale': 'en-US', 'features': [], 'afk_timeout': 300, 'stickers': [], 'system_channel_id': '1531083629881724999', 'experiments': {'evaluation_id': None, 'assignments': []}, 'unavailable': False, 'premium_features': None, 'nsfw': False, 'premium_subscription_count': 0, 'activity_instances': [], 'official_message_color': None, 'large': False, 'default_message_notifications': 0, 'icon': None, 'region': 'deprecated', 'max_stage_video_channel_users': 50, 'nsfw_level': 0, 'guild_scheduled_events': [], 'mfa_level': 0, 'afk_channel_id': None, 'member_count': 2, 'game_application_ids': None, 'version': 1785109183579, 'discovery_splash': None, 'vanity_url_code': None, 'premium_progress_bar_enabled_user_updated_at': None, 'voice_states': [], 'safety_alerts_channel_id': None, 'incidents_data': None, 'premium_tier': 0}}
[2026-08-19 11:22:24] [DEBUG   ] discord.client: Dispatching event socket_event_type
[2026-08-19 11:22:24] [DEBUG   ] discord.gateway: For Shard ID None: WebSocket Event: {'t': 'GUILD_MEMBERS_CHUNK', 's': 3, 'op': 0, 'd': {'nonce': '4eb9a19243b92f77783f310f5605802b', 'members': [{'user': {'username': 'joepicard223', 'public_flags': 0, 'primary_guild': None, 'id': '1148739534490701895', 'global_name': 'Joe', 'display_name_styles': None, 'display_name': 'Joe', 'discriminator': '0', 'collectibles': None, 'bot': False, 'avatar_decoration_data': None, 'avatar': None}, 'roles': [], 'premium_since': None, 'pending': False, 'nick': None, 'mute': False, 'joined_at': '2026-07-26T23:39:43.404000+00:00', 'flags': 0, 'deaf': False, 'communication_disabled_until': None, 'banner': None, 'avatar': None}, {'user': {'username': 'IT internship bot', 'public_flags': 0, 'primary_guild': None, 'id': '1531079830433566800', 'global_name': None, 'display_name_styles': None, 'display_name': None, 'discriminator': '5194', 'collectibles': None, 'bot': True, 'avatar_decoration_data': None, 'avatar': None}, 'roles': ['1531083924971720728'], 'premium_since': None, 'pending': False, 'nick': None, 'mute': False, 'joined_at': '2026-07-26T23:40:54.004000+00:00', 'flags': 0, 'deaf': False, 'communication_disabled_until': None, 'banner': None, 'avatar': None}], 'guild_id': '1531083629030014977', 'chunk_index': 0, 'chunk_count': 1}}
[2026-08-19 11:22:24] [DEBUG   ] discord.client: Dispatching event socket_event_type
[2026-08-19 11:22:24] [DEBUG   ] discord.state: Processed a chunk for 2 members in guild ID 1531083629030014977.
[2026-08-19 11:22:25] [DEBUG   ] discord.gateway: For Shard ID None: WebSocket Event: {'t': 'TYPING_START', 's': 4, 'op': 0, 'd': {'user_id': '1148739534490701895', 'timestamp': 1787152945, 'member': {'user': {'username': 'joepicard223', 'public_flags': 0, 'primary_guild': None, 'id': '1148739534490701895', 'global_name': 'Joe', 'display_name_styles': None, 'display_name': 'Joe', 'discriminator': '0', 'collectibles': None, 'bot': False, 'avatar_decoration_data': None, 'avatar': None}, 'roles': [], 'premium_since': None, 'pending': False, 'nick': None, 'mute': False, 'joined_at': '2026-07-26T23:39:43.404000+00:00', 'flags': 0, 'deaf': False, 'communication_disabled_until': None, 'banner': None, 'avatar': None}, 'channel_id': '1531083629881724999', 'guild_id': '1531083629030014977'}}
[2026-08-19 11:22:25] [DEBUG   ] discord.client: Dispatching event socket_event_type
[2026-08-19 11:22:25] [DEBUG   ] discord.client: Dispatching event typing
[2026-08-19 11:22:25] [DEBUG   ] discord.client: Dispatching event raw_typing
[2026-08-19 11:22:26] [DEBUG   ] discord.client: Dispatching event guild_available
[2026-08-19 11:22:26] [DEBUG   ] discord.client: Dispatching event ready
[2026-08-19 11:22:29] [DEBUG   ] discord.gateway: For Shard ID None: WebSocket Event: {'t': 'MESSAGE_CREATE', 's': 5, 'op': 0, 'd': {'type': 0, 'tts': False, 'timestamp': '2026-08-19T15:22:29.798000+00:00', 'pinned': False, 'nonce': '1539655805706436608', 'mentions': [], 'mention_roles': [], 'mention_everyone': False, 'member': {'roles': [], 'premium_since': None, 'pending': False, 'nick': None, 'mute': False, 'joined_at': '2026-07-26T23:39:43.404000+00:00', 'flags': 0, 'deaf': False, 'communication_disabled_until': None, 'banner': None, 'avatar': None}, 'id': '1539655806947950682', 'flags': 0, 'embeds': [], 'edited_timestamp': None, 'content': '!jobs', 'components': [], 'channel_type': 0, 'channel_id': '1531083629881724999', 'author': {'username': 'joepicard223', 'public_flags': 0, 'primary_guild': None, 'id': '1148739534490701895', 'global_name': 'Joe', 'display_name_styles': None, 'discriminator': '0', 'collectibles': None, 'clan': None, 'avatar_decoration_data': None, 'avatar': None}, 'attachments': [], 'guild_id': '1531083629030014977'}}
[2026-08-19 11:22:29] [DEBUG   ] discord.client: Dispatching event socket_event_type
[2026-08-19 11:22:29] [DEBUG   ] discord.client: Dispatching event message
[2026-08-19 11:22:29] [DEBUG   ] discord.client: Dispatching event command
[2026-08-19 11:22:30] [DEBUG   ] discord.gateway: For Shard ID None: WebSocket Event: {'t': 'MESSAGE_CREATE', 's': 6, 'op': 0, 'd': {'type': 0, 'tts': False, 'timestamp': '2026-08-19T15:22:30.067000+00:00', 'pinned': False, 'nonce': '11389952746727958213', 'mentions': [], 'mention_roles': [], 'mention_everyone': False, 'member': {'roles': ['1531083924971720728'], 'premium_since': None, 'pending': False, 'nick': None, 'mute': False, 'joined_at': '2026-07-26T23:40:54.004000+00:00', 'flags': 0, 'deaf': False, 'communication_disabled_until': None, 'banner': None, 'avatar': None}, 'id': '1539655808076353550', 'flags': 0, 'embeds': [], 'edited_timestamp': None, 'content': '🔎 Searching for IT internships...', 'components': [], 'channel_type': 0, 'channel_id': '1531083629881724999', 'author': {'username': 'IT internship bot', 'public_flags': 0, 'primary_guild': None, 'id': '1531079830433566800', 'global_name': None, 'display_name_styles': None, 'discriminator': '5194', 'collectibles': None, 'clan': None, 'bot': True, 'avatar_decoration_data': None, 'avatar': None}, 'attachments': [], 'guild_id': '1531083629030014977'}}
[2026-08-19 11:22:30] [DEBUG   ] discord.client: Dispatching event socket_event_type
[2026-08-19 11:22:30] [DEBUG   ] discord.client: Dispatching event message
[2026-08-19 11:22:30] [DEBUG   ] discord.http: POST https://discord.com/api/v10/channels/1531083629881724999/messages with {"content":"\ud83d\udd0e Searching for IT internships...","components":[],"nonce":"11389952746727958213","enforce_nonce":true,"tts":false} has returned 200
[2026-08-19 11:22:30] [DEBUG   ] discord.http: POST /channels/{channel_id}/messages has found its initial rate limit bucket hash (62df3a8bf3cb0dd93018dd80d06039f6).
[2026-08-19 11:22:30] [DEBUG   ] discord.http: POST https://discord.com/api/v10/channels/1531083629881724999/messages has received {'type': 0, 'content': '🔎 Searching for IT internships...', 'mentions': [], 'mention_roles': [], 'attachments': [], 'embeds': [], 'timestamp': '2026-08-19T15:22:30.067000+00:00', 'edited_timestamp': None, 'flags': 0, 'components': [], 'id': '1539655808076353550', 'channel_id': '1531083629881724999', 'author': {'id': '1531079830433566800', 'username': 'IT internship bot', 'avatar': None, 'discriminator': '5194', 'public_flags': 0, 'flags': 0, 'bot': True, 'banner': None, 'accent_color': None, 'global_name': None, 'avatar_decoration_data': None, 'collectibles': None, 'display_name_styles': None, 'banner_color': None, 'clan': None, 'primary_guild': None}, 'pinned': False, 'mention_everyone': False, 'tts': False, 'nonce': '11389952746727958213'}
[2026-08-19 11:22:31] [DEBUG   ] discord.gateway: For Shard ID None: WebSocket Event: {'t': 'MESSAGE_CREATE', 's': 7, 'op': 0, 'd': {'type': 0, 'tts': False, 'timestamp': '2026-08-19T15:22:31.406000+00:00', 'pinned': False, 'nonce': '15808212183079721339', 'mentions': [], 'mention_roles': [], 'mention_everyone': False, 'member': {'roles': ['1531083924971720728'], 'premium_since': None, 'pending': False, 'nick': None, 'mute': False, 'joined_at': '2026-07-26T23:40:54.004000+00:00', 'flags': 0, 'deaf': False, 'communication_disabled_until': None, 'banner': None, 'avatar': None}, 'id': '1539655813692530779', 'flags': 0, 'embeds': [], 'edited_timestamp': None, 'content': '💼 **IT Intern**', 'components': [], 'channel_type': 0, 'channel_id': '1531083629881724999', 'author': {'username': 'IT internship bot', 'public_flags': 0, 'primary_guild': None, 'id': '1531079830433566800', 'global_name': None, 'display_name_styles': None, 'discriminator': '5194', 'collectibles': None, 'clan': None, 'bot': True, 'avatar_decoration_data': None, 'avatar': None}, 'attachments': [], 'guild_id': '1531083629030014977'}}
[2026-08-19 11:22:31] [DEBUG   ] discord.client: Dispatching event socket_event_type
[2026-08-19 11:22:31] [DEBUG   ] discord.client: Dispatching event message
[2026-08-19 11:22:31] [DEBUG   ] discord.http: POST https://discord.com/api/v10/channels/1531083629881724999/messages with {"content":"\ud83d\udcbc **IT Intern**","components":[],"nonce":"15808212183079721339","enforce_nonce":true,"tts":false} has returned 200
[2026-08-19 11:22:31] [DEBUG   ] discord.http: POST https://discord.com/api/v10/channels/1531083629881724999/messages has received {'type': 0, 'content': '💼 **IT Intern**', 'mentions': [], 'mention_roles': [], 'attachments': [], 'embeds': [], 'timestamp': '2026-08-19T15:22:31.406000+00:00', 'edited_timestamp': None, 'flags': 0, 'components': [], 'id': '1539655813692530779', 'channel_id': '1531083629881724999', 'author': {'id': '1531079830433566800', 'username': 'IT internship bot', 'avatar': None, 'discriminator': '5194', 'public_flags': 0, 'flags': 0, 'bot': True, 'banner': None, 'accent_color': None, 'global_name': None, 'avatar_decoration_data': None, 'collectibles': None, 'display_name_styles': None, 'banner_color': None, 'clan': None, 'primary_guild': None}, 'pinned': False, 'mention_everyone': False, 'tts': False, 'nonce': '15808212183079721339'}
[2026-08-19 11:22:31] [DEBUG   ] discord.gateway: For Shard ID None: WebSocket Event: {'t': 'MESSAGE_CREATE', 's': 8, 'op': 0, 'd': {'type': 0, 'tts': False, 'timestamp': '2026-08-19T15:22:31.671000+00:00', 'pinned': False, 'nonce': '3324183636343829003', 'mentions': [], 'mention_roles': [], 'mention_everyone': False, 'member': {'roles': ['1531083924971720728'], 'premium_since': None, 'pending': False, 'nick': None, 'mute': False, 'joined_at': '2026-07-26T23:40:54.004000+00:00', 'flags': 0, 'deaf': False, 'communication_disabled_until': None, 'banner': None, 'avatar': None}, 'id': '1539655814804013166', 'flags': 0, 'embeds': [], 'edited_timestamp': None, 'content': '💼 **2027 IT Intern**', 'components': [], 'channel_type': 0, 'channel_id': '1531083629881724999', 'author': {'username': 'IT internship bot', 'public_flags': 0, 'primary_guild': None, 'id': '1531079830433566800', 'global_name': None, 'display_name_styles': None, 'discriminator': '5194', 'collectibles': None, 'clan': None, 'bot': True, 'avatar_decoration_data': None, 'avatar': None}, 'attachments': [], 'guild_id': '1531083629030014977'}}
[2026-08-19 11:22:31] [DEBUG   ] discord.client: Dispatching event socket_event_type
[2026-08-19 11:22:31] [DEBUG   ] discord.client: Dispatching event message
[2026-08-19 11:22:31] [DEBUG   ] discord.http: POST https://discord.com/api/v10/channels/1531083629881724999/messages with {"content":"\ud83d\udcbc **2027 IT Intern**","components":[],"nonce":"3324183636343829003","enforce_nonce":true,"tts":false} has returned 200
[2026-08-19 11:22:31] [DEBUG   ] discord.http: POST https://discord.com/api/v10/channels/1531083629881724999/messages has received {'type': 0, 'content': '💼 **2027 IT Intern**', 'mentions': [], 'mention_roles': [], 'attachments': [], 'embeds': [], 'timestamp': '2026-08-19T15:22:31.671000+00:00', 'edited_timestamp': None, 'flags': 0, 'components': [], 'id': '1539655814804013166', 'channel_id': '1531083629881724999', 'author': {'id': '1531079830433566800', 'username': 'IT internship bot', 'avatar': None, 'discriminator': '5194', 'public_flags': 0, 'flags': 0, 'bot': True, 'banner': None, 'accent_color': None, 'global_name': None, 'avatar_decoration_data': None, 'collectibles': None, 'display_name_styles': None, 'banner_color': None, 'clan': None, 'primary_guild': None}, 'pinned': False, 'mention_everyone': False, 'tts': False, 'nonce': '3324183636343829003'}
[2026-08-19 11:22:32] [DEBUG   ] discord.gateway: For Shard ID None: WebSocket Event: {'t': 'MESSAGE_CREATE', 's': 9, 'op': 0, 'd': {'type': 0, 'tts': False, 'timestamp': '2026-08-19T15:22:32.849000+00:00', 'pinned': False, 'nonce': '844630822605239612', 'mentions': [], 'mention_roles': [], 'mention_everyone': False, 'member': {'roles': ['1531083924971720728'], 'premium_since': None, 'pending': False, 'nick': None, 'mute': False, 'joined_at': '2026-07-26T23:40:54.004000+00:00', 'flags': 0, 'deaf': False, 'communication_disabled_until': None, 'banner': None, 'avatar': None}, 'id': '1539655819745038426', 'flags': 0, 'embeds': [], 'edited_timestamp': None, 'content': '💼 **IT Intern - IT Security**', 'components': [], 'channel_type': 0, 'channel_id': '1531083629881724999', 'author': {'username': 'IT internship bot', 'public_flags': 0, 'primary_guild': None, 'id': '1531079830433566800', 'global_name': None, 'display_name_styles': None, 'discriminator': '5194', 'collectibles': None, 'clan': None, 'bot': True, 'avatar_decoration_data': None, 'avatar': None}, 'attachments': [], 'guild_id': '1531083629030014977'}}
[2026-08-19 11:22:32] [DEBUG   ] discord.client: Dispatching event socket_event_type
[2026-08-19 11:22:32] [DEBUG   ] discord.client: Dispatching event message
[2026-08-19 11:22:32] [DEBUG   ] discord.http: POST https://discord.com/api/v10/channels/1531083629881724999/messages with {"content":"\ud83d\udcbc **IT Intern - IT Security**","components":[],"nonce":"844630822605239612","enforce_nonce":true,"tts":false} has returned 200
[2026-08-19 11:22:32] [DEBUG   ] discord.http: POST https://discord.com/api/v10/channels/1531083629881724999/messages has received {'type': 0, 'content': '💼 **IT Intern - IT Security**', 'mentions': [], 'mention_roles': [], 'attachments': [], 'embeds': [], 'timestamp': '2026-08-19T15:22:32.849000+00:00', 'edited_timestamp': None, 'flags': 0, 'components': [], 'id': '1539655819745038426', 'channel_id': '1531083629881724999', 'author': {'id': '1531079830433566800', 'username': 'IT internship bot', 'avatar': None, 'discriminator': '5194', 'public_flags': 0, 'flags': 0, 'bot': True, 'banner': None, 'accent_color': None, 'global_name': None, 'avatar_decoration_data': None, 'collectibles': None, 'display_name_styles': None, 'banner_color': None, 'clan': None, 'primary_guild': None}, 'pinned': False, 'mention_everyone': False, 'tts': False, 'nonce': '844630822605239612'}
[2026-08-19 11:22:33] [DEBUG   ] discord.gateway: For Shard ID None: WebSocket Event: {'t': 'MESSAGE_CREATE', 's': 10, 'op': 0, 'd': {'type': 0, 'tts': False, 'timestamp': '2026-08-19T15:22:33.143000+00:00', 'pinned': False, 'nonce': '10439005143280366497', 'mentions': [], 'mention_roles': [], 'mention_everyone': False, 'member': {'roles': ['1531083924971720728'], 'premium_since': None, 'pending': False, 'nick': None, 'mute': False, 'joined_at': '2026-07-26T23:40:54.004000+00:00', 'flags': 0, 'deaf': False, 'communication_disabled_until': None, 'banner': None, 'avatar': None}, 'id': '1539655820977905694', 'flags': 0, 'embeds': [], 'edited_timestamp': None, 'content': '💼 **IT Intern**', 'components': [], 'channel_type': 0, 'channel_id': '1531083629881724999', 'author': {'username': 'IT internship bot', 'public_flags': 0, 'primary_guild': None, 'id': '1531079830433566800', 'global_name': None, 'display_name_styles': None, 'discriminator': '5194', 'collectibles': None, 'clan': None, 'bot': True, 'avatar_decoration_data': None, 'avatar': None}, 'attachments': [], 'guild_id': '1531083629030014977'}}
[2026-08-19 11:22:33] [DEBUG   ] discord.client: Dispatching event socket_event_type
[2026-08-19 11:22:33] [DEBUG   ] discord.client: Dispatching event message
[2026-08-19 11:22:33] [DEBUG   ] discord.http: POST https://discord.com/api/v10/channels/1531083629881724999/messages with {"content":"\ud83d\udcbc **IT Intern**","components":[],"nonce":"10439005143280366497","enforce_nonce":true,"tts":false} has returned 200
[2026-08-19 11:22:33] [DEBUG   ] discord.http: POST https://discord.com/api/v10/channels/1531083629881724999/messages has received {'type': 0, 'content': '💼 **IT Intern**', 'mentions': [], 'mention_roles': [], 'attachments': [], 'embeds': [], 'timestamp': '2026-08-19T15:22:33.143000+00:00', 'edited_timestamp': None, 'flags': 0, 'components': [], 'id': '1539655820977905694', 'channel_id': '1531083629881724999', 'author': {'id': '1531079830433566800', 'username': 'IT internship bot', 'avatar': None, 'discriminator': '5194', 'public_flags': 0, 'flags': 0, 'bot': True, 'banner': None, 'accent_color': None, 'global_name': None, 'avatar_decoration_data': None, 'collectibles': None, 'display_name_styles': None, 'banner_color': None, 'clan': None, 'primary_guild': None}, 'pinned': False, 'mention_everyone': False, 'tts': False, 'nonce': '10439005143280366497'}
[2026-08-19 11:22:33] [DEBUG   ] discord.gateway: For Shard ID None: WebSocket Event: {'t': 'MESSAGE_CREATE', 's': 11, 'op': 0, 'd': {'type': 0, 'tts': False, 'timestamp': '2026-08-19T15:22:33.398000+00:00', 'pinned': False, 'nonce': '1961601078011246025', 'mentions': [], 'mention_roles': [], 'mention_everyone': False, 'member': {'roles': ['1531083924971720728'], 'premium_since': None, 'pending': False, 'nick': None, 'mute': False, 'joined_at': '2026-07-26T23:40:54.004000+00:00', 'flags': 0, 'deaf': False, 'communication_disabled_until': None, 'banner': None, 'avatar': None}, 'id': '1539655822047445034', 'flags': 0, 'embeds': [], 'edited_timestamp': None, 'content': '💼 **IT Intern**', 'components': [], 'channel_type': 0, 'channel_id': '1531083629881724999', 'author': {'username': 'IT internship bot', 'public_flags': 0, 'primary_guild': None, 'id': '1531079830433566800', 'global_name': None, 'display_name_styles': None, 'discriminator': '5194', 'collectibles': None, 'clan': None, 'bot': True, 'avatar_decoration_data': None, 'avatar': None}, 'attachments': [], 'guild_id': '1531083629030014977'}}
[2026-08-19 11:22:33] [DEBUG   ] discord.client: Dispatching event socket_event_type
[2026-08-19 11:22:33] [DEBUG   ] discord.client: Dispatching event message
[2026-08-19 11:22:33] [DEBUG   ] discord.http: POST https://discord.com/api/v10/channels/1531083629881724999/messages with {"content":"\ud83d\udcbc **IT Intern**","components":[],"nonce":"1961601078011246025","enforce_nonce":true,"tts":false} has returned 200
[2026-08-19 11:22:33] [DEBUG   ] discord.http: POST https://discord.com/api/v10/channels/1531083629881724999/messages has received {'type': 0, 'content': '💼 **IT Intern**', 'mentions': [], 'mention_roles': [], 'attachments': [], 'embeds': [], 'timestamp': '2026-08-19T15:22:33.398000+00:00', 'edited_timestamp': None, 'flags': 0, 'components': [], 'id': '1539655822047445034', 'channel_id': '1531083629881724999', 'author': {'id': '1531079830433566800', 'username': 'IT internship bot', 'avatar': None, 'discriminator': '5194', 'public_flags': 0, 'flags': 0, 'bot': True, 'banner': None, 'accent_color': None, 'global_name': None, 'avatar_decoration_data': None, 'collectibles': None, 'display_name_styles': None, 'banner_color': None, 'clan': None, 'primary_guild': None}, 'pinned': False, 'mention_everyone': False, 'tts': False, 'nonce': '1961601078011246025'}
[2026-08-19 11:22:33] [DEBUG   ] discord.client: Dispatching event command_completion
[2026-08-19 11:23:05] [DEBUG   ] discord.gateway: Keeping shard ID None websocket alive with sequence 11.
[2026-08-19 11:23:05] [DEBUG   ] discord.gateway: For Shard ID None: WebSocket Event: {'t': None, 's': None, 'op': 11, 'd': None}
[2026-08-19 11:23:46] [DEBUG   ] discord.gateway: Keeping shard ID None websocket alive with sequence 11.
[2026-08-19 11:23:46] [DEBUG   ] discord.gateway: For Shard ID None: WebSocket Event: {'t': None, 's': None, 'op': 11, 'd': None}
[2026-08-19 11:24:27] [DEBUG   ] discord.gateway: Keeping shard ID None websocket alive with sequence 11.
[2026-08-19 11:24:27] [DEBUG   ] discord.gateway: For Shard ID None: WebSocket Event: {'t': None, 's': None, 'op': 11, 'd': None}
[2026-08-19 11:25:08] [DEBUG   ] discord.gateway: Keeping shard ID None websocket alive with sequence 11.
[2026-08-19 11:25:09] [DEBUG   ] discord.gateway: For Shard ID None: WebSocket Event: {'t': None, 's': None, 'op': 11, 'd': None}
[2026-08-19 11:25:50] [DEBUG   ] discord.gateway: Keeping shard ID None websocket alive with sequence 11.
[2026-08-19 11:25:50] [DEBUG   ] discord.gateway: For Shard ID None: WebSocket Event: {'t': None, 's': None, 'op': 11, 'd': None}
[2026-08-19 11:26:31] [DEBUG   ] discord.gateway: Keeping shard ID None websocket alive with sequence 11.
[2026-08-19 11:26:31] [DEBUG   ] discord.gateway: For Shard ID None: WebSocket Event: {'t': None, 's': None, 'op': 11, 'd': None}
[2026-08-19 11:27:12] [DEBUG   ] discord.gateway: Keeping shard ID None websocket alive with sequence 11.
[2026-08-19 11:27:12] [DEBUG   ] discord.gateway: For Shard ID None: WebSocket Event: {'t': None, 's': None, 'op': 11, 'd': None}
[2026-08-19 11:27:53] [DEBUG   ] discord.gateway: Keeping shard ID None websocket alive with sequence 11.
[2026-08-19 11:27:53] [DEBUG   ] discord.gateway: For Shard ID None: WebSocket Event: {'t': None, 's': None, 'op': 11, 'd': None}
[2026-08-19 11:28:35] [DEBUG   ] discord.gateway: Keeping shard ID None websocket alive with sequence 11.
[2026-08-19 11:28:35] [DEBUG   ] discord.gateway: For Shard ID None: WebSocket Event: {'t': None, 's': None, 'op': 11, 'd': None}
[2026-08-19 11:29:16] [DEBUG   ] discord.gateway: Keeping shard ID None websocket alive with sequence 11.
[2026-08-19 11:29:16] [DEBUG   ] discord.gateway: For Shard ID None: WebSocket Event: {'t': None, 's': None, 'op': 11, 'd': None}
[2026-08-19 11:29:57] [DEBUG   ] discord.gateway: Keeping shard ID None websocket alive with sequence 11.
[2026-08-19 11:29:57] [DEBUG   ] discord.gateway: For Shard ID None: WebSocket Event: {'t': None, 's': None, 'op': 11, 'd': None}
[2026-08-19 11:30:38] [DEBUG   ] discord.gateway: Keeping shard ID None websocket alive with sequence 11.
[2026-08-19 11:30:39] [DEBUG   ] discord.gateway: For Shard ID None: WebSocket Event: {'t': None, 's': None, 'op': 11, 'd': None}
[2026-08-19 11:31:20] [DEBUG   ] discord.gateway: Keeping shard ID None websocket alive with sequence 11.
[2026-08-19 11:31:20] [DEBUG   ] discord.gateway: For Shard ID None: WebSocket Event: {'t': None, 's': None, 'op': 11, 'd': None}
[2026-08-19 11:32:01] [DEBUG   ] discord.gateway: Keeping shard ID None websocket alive with sequence 11.
[2026-08-19 11:32:01] [DEBUG   ] discord.gateway: For Shard ID None: WebSocket Event: {'t': None, 's': None, 'op': 11, 'd': None}
[2026-08-19 11:32:42] [DEBUG   ] discord.gateway: Keeping shard ID None websocket alive with sequence 11.
[2026-08-19 11:32:42] [DEBUG   ] discord.gateway: For Shard ID None: WebSocket Event: {'t': None, 's': None, 'op': 11, 'd': None}
[2026-08-19 11:33:23] [DEBUG   ] discord.gateway: Keeping shard ID None websocket alive with sequence 11.
[2026-08-19 11:33:24] [DEBUG   ] discord.gateway: For Shard ID None: WebSocket Event: {'t': None, 's': None, 'op': 11, 'd': None}
[2026-08-19 11:34:05] [DEBUG   ] discord.gateway: Keeping shard ID None websocket alive with sequence 11.
[2026-08-19 11:34:05] [DEBUG   ] discord.gateway: For Shard ID None: WebSocket Event: {'t': None, 's': None, 'op': 11, 'd': None}
[2026-08-19 11:34:46] [DEBUG   ] discord.gateway: Keeping shard ID None websocket alive with sequence 11.
[2026-08-19 11:34:46] [DEBUG   ] discord.gateway: For Shard ID None: WebSocket Event: {'t': None, 's': None, 'op': 11, 'd': None}
[2026-08-19 11:35:27] [DEBUG   ] discord.gateway: Keeping shard ID None websocket alive with sequence 11.
[2026-08-19 11:35:27] [DEBUG   ] discord.gateway: For Shard ID None: WebSocket Event: {'t': None, 's': None, 'op': 11, 'd': None}
[2026-08-19 11:36:08] [DEBUG   ] discord.gateway: Keeping shard ID None websocket alive with sequence 11.
[2026-08-19 11:36:09] [DEBUG   ] discord.gateway: For Shard ID None: WebSocket Event: {'t': None, 's': None, 'op': 11, 'd': None}
[2026-08-19 11:36:50] [DEBUG   ] discord.gateway: Keeping shard ID None websocket alive with sequence 11.
[2026-08-19 11:36:50] [DEBUG   ] discord.gateway: For Shard ID None: WebSocket Event: {'t': None, 's': None, 'op': 11, 'd': None}
[2026-08-19 11:37:31] [DEBUG   ] discord.gateway: Keeping shard ID None websocket alive with sequence 11.
[2026-08-19 11:37:31] [DEBUG   ] discord.gateway: For Shard ID None: WebSocket Event: {'t': None, 's': None, 'op': 11, 'd': None}
[2026-08-19 11:38:12] [DEBUG   ] discord.gateway: Keeping shard ID None websocket alive with sequence 11.
[2026-08-19 11:38:12] [DEBUG   ] discord.gateway: For Shard ID None: WebSocket Event: {'t': None, 's': None, 'op': 11, 'd': None}
[2026-08-19 11:38:54] [DEBUG   ] discord.gateway: Keeping shard ID None websocket alive with sequence 11.
[2026-08-19 11:38:54] [DEBUG   ] discord.gateway: For Shard ID None: WebSocket Event: {'t': None, 's': None, 'op': 11, 'd': None}
[2026-08-19 11:39:35] [DEBUG   ] discord.gateway: Keeping shard ID None websocket alive with sequence 11.
[2026-08-19 11:39:35] [DEBUG   ] discord.gateway: For Shard ID None: WebSocket Event: {'t': None, 's': None, 'op': 11, 'd': None}
[2026-08-19 11:40:16] [DEBUG   ] discord.gateway: Keeping shard ID None websocket alive with sequence 11.
[2026-08-19 11:40:16] [DEBUG   ] discord.gateway: For Shard ID None: WebSocket Event: {'t': None, 's': None, 'op': 11, 'd': None}
[2026-08-19 11:40:57] [DEBUG   ] discord.gateway: Keeping shard ID None websocket alive with sequence 11.
[2026-08-19 11:40:57] [DEBUG   ] discord.gateway: For Shard ID None: WebSocket Event: {'t': None, 's': None, 'op': 11, 'd': None}
[2026-08-19 11:41:39] [DEBUG   ] discord.gateway: Keeping shard ID None websocket alive with sequence 11.
[2026-08-19 11:41:39] [DEBUG   ] discord.gateway: For Shard ID None: WebSocket Event: {'t': None, 's': None, 'op': 11, 'd': None}
[2026-08-19 11:42:20] [DEBUG   ] discord.gateway: Keeping shard ID None websocket alive with sequence 11.
[2026-08-19 11:42:20] [DEBUG   ] discord.gateway: For Shard ID None: WebSocket Event: {'t': None, 's': None, 'op': 11, 'd': None}
[2026-08-19 11:43:01] [DEBUG   ] discord.gateway: Keeping shard ID None websocket alive with sequence 11.
[2026-08-19 11:43:01] [DEBUG   ] discord.gateway: For Shard ID None: WebSocket Event: {'t': None, 's': None, 'op': 11, 'd': None}
[2026-08-19 11:43:42] [DEBUG   ] discord.gateway: Keeping shard ID None websocket alive with sequence 11.
[2026-08-19 11:43:43] [DEBUG   ] discord.gateway: For Shard ID None: WebSocket Event: {'t': None, 's': None, 'op': 11, 'd': None}
[2026-08-19 11:44:24] [DEBUG   ] discord.gateway: Keeping shard ID None websocket alive with sequence 11.
[2026-08-19 11:44:24] [DEBUG   ] discord.gateway: For Shard ID None: WebSocket Event: {'t': None, 's': None, 'op': 11, 'd': None}
[2026-08-19 11:45:05] [DEBUG   ] discord.gateway: Keeping shard ID None websocket alive with sequence 11.
[2026-08-19 11:45:05] [DEBUG   ] discord.gateway: For Shard ID None: WebSocket Event: {'t': None, 's': None, 'op': 11, 'd': None}
[2026-08-19 11:45:46] [DEBUG   ] discord.gateway: Keeping shard ID None websocket alive with sequence 11.
[2026-08-19 11:45:46] [DEBUG   ] discord.gateway: For Shard ID None: WebSocket Event: {'t': None, 's': None, 'op': 11, 'd': None}
[2026-08-19 11:46:27] [DEBUG   ] discord.gateway: Keeping shard ID None websocket alive with sequence 11.
[2026-08-19 11:46:27] [DEBUG   ] discord.gateway: For Shard ID None: WebSocket Event: {'t': None, 's': None, 'op': 11, 'd': None}
[2026-08-19 11:47:09] [DEBUG   ] discord.gateway: Keeping shard ID None websocket alive with sequence 11.
[2026-08-19 11:47:09] [DEBUG   ] discord.gateway: For Shard ID None: WebSocket Event: {'t': None, 's': None, 'op': 11, 'd': None}
[2026-08-19 11:47:50] [DEBUG   ] discord.gateway: Keeping shard ID None websocket alive with sequence 11.
[2026-08-19 11:47:50] [DEBUG   ] discord.gateway: For Shard ID None: WebSocket Event: {'t': None, 's': None, 'op': 11, 'd': None}
[2026-08-19 11:48:31] [DEBUG   ] discord.gateway: Keeping shard ID None websocket alive with sequence 11.
[2026-08-19 11:48:31] [DEBUG   ] discord.gateway: For Shard ID None: WebSocket Event: {'t': None, 's': None, 'op': 11, 'd': None}
[2026-08-19 11:49:12] [DEBUG   ] discord.gateway: Keeping shard ID None websocket alive with sequence 11.
[2026-08-19 11:49:12] [DEBUG   ] discord.gateway: For Shard ID None: WebSocket Event: {'t': None, 's': None, 'op': 11, 'd': None}
[2026-08-19 11:49:54] [DEBUG   ] discord.gateway: Keeping shard ID None websocket alive with sequence 11.
[2026-08-19 11:49:54] [DEBUG   ] discord.gateway: For Shard ID None: WebSocket Event: {'t': None, 's': None, 'op': 11, 'd': None}
[2026-08-19 11:50:35] [DEBUG   ] discord.gateway: Keeping shard ID None websocket alive with sequence 11.
[2026-08-19 11:50:35] [DEBUG   ] discord.gateway: For Shard ID None: WebSocket Event: {'t': None, 's': None, 'op': 11, 'd': None}
[2026-08-19 11:51:16] [DEBUG   ] discord.gateway: Keeping shard ID None websocket alive with sequence 11.
[2026-08-19 11:51:16] [DEBUG   ] discord.gateway: For Shard ID None: WebSocket Event: {'t': None, 's': None, 'op': 11, 'd': None}
[2026-08-19 11:51:57] [DEBUG   ] discord.gateway: Keeping shard ID None websocket alive with sequence 11.
[2026-08-19 11:51:57] [DEBUG   ] discord.gateway: For Shard ID None: WebSocket Event: {'t': None, 's': None, 'op': 11, 'd': None}
[2026-08-19 11:52:39] [DEBUG   ] discord.gateway: Keeping shard ID None websocket alive with sequence 11.
[2026-08-19 11:52:39] [DEBUG   ] discord.gateway: For Shard ID None: WebSocket Event: {'t': None, 's': None, 'op': 11, 'd': None}
[2026-08-19 11:53:20] [DEBUG   ] discord.gateway: Keeping shard ID None websocket alive with sequence 11.
[2026-08-19 11:53:20] [DEBUG   ] discord.gateway: For Shard ID None: WebSocket Event: {'t': None, 's': None, 'op': 11, 'd': None}
[2026-08-19 11:54:01] [DEBUG   ] discord.gateway: Keeping shard ID None websocket alive with sequence 11.
[2026-08-19 11:54:01] [DEBUG   ] discord.gateway: For Shard ID None: WebSocket Event: {'t': None, 's': None, 'op': 11, 'd': None}
[2026-08-19 11:54:42] [DEBUG   ] discord.gateway: Keeping shard ID None websocket alive with sequence 11.
[2026-08-19 11:54:43] [DEBUG   ] discord.gateway: For Shard ID None: WebSocket Event: {'t': None, 's': None, 'op': 11, 'd': None}
[2026-08-19 11:55:24] [DEBUG   ] discord.gateway: Keeping shard ID None websocket alive with sequence 11.
[2026-08-19 11:55:24] [DEBUG   ] discord.gateway: For Shard ID None: WebSocket Event: {'t': None, 's': None, 'op': 11, 'd': None}
[2026-08-19 11:56:05] [DEBUG   ] discord.gateway: Keeping shard ID None websocket alive with sequence 11.
[2026-08-19 11:56:05] [DEBUG   ] discord.gateway: For Shard ID None: WebSocket Event: {'t': None, 's': None, 'op': 11, 'd': None}
[2026-08-19 11:56:46] [DEBUG   ] discord.gateway: Keeping shard ID None websocket alive with sequence 11.
[2026-08-19 11:56:46] [DEBUG   ] discord.gateway: For Shard ID None: WebSocket Event: {'t': None, 's': None, 'op': 11, 'd': None}
[2026-08-19 11:57:27] [DEBUG   ] discord.gateway: Keeping shard ID None websocket alive with sequence 11.
[2026-08-19 11:57:28] [DEBUG   ] discord.gateway: For Shard ID None: WebSocket Event: {'t': None, 's': None, 'op': 11, 'd': None}
[2026-08-19 11:58:09] [DEBUG   ] discord.gateway: Keeping shard ID None websocket alive with sequence 11.
[2026-08-19 11:58:09] [DEBUG   ] discord.gateway: For Shard ID None: WebSocket Event: {'t': None, 's': None, 'op': 11, 'd': None}
[2026-08-19 11:58:50] [DEBUG   ] discord.gateway: Keeping shard ID None websocket alive with sequence 11.
[2026-08-19 11:58:50] [DEBUG   ] discord.gateway: For Shard ID None: WebSocket Event: {'t': None, 's': None, 'op': 11, 'd': None}
[2026-08-19 11:59:31] [DEBUG   ] discord.gateway: Keeping shard ID None websocket alive with sequence 11.
[2026-08-19 11:59:31] [DEBUG   ] discord.gateway: For Shard ID None: WebSocket Event: {'t': None, 's': None, 'op': 11, 'd': None}
[2026-08-19 12:00:13] [DEBUG   ] discord.gateway: Keeping shard ID None websocket alive with sequence 11.
[2026-08-19 12:00:13] [DEBUG   ] discord.gateway: For Shard ID None: WebSocket Event: {'t': None, 's': None, 'op': 11, 'd': None}
[2026-08-19 12:00:54] [DEBUG   ] discord.gateway: Keeping shard ID None websocket alive with sequence 11.
[2026-08-19 12:00:54] [DEBUG   ] discord.gateway: For Shard ID None: WebSocket Event: {'t': None, 's': None, 'op': 11, 'd': None}
[2026-08-19 12:01:35] [DEBUG   ] discord.gateway: Keeping shard ID None websocket alive with sequence 11.
[2026-08-19 12:01:35] [DEBUG   ] discord.gateway: For Shard ID None: WebSocket Event: {'t': None, 's': None, 'op': 11, 'd': None}
[2026-08-19 12:02:16] [DEBUG   ] discord.gateway: Keeping shard ID None websocket alive with sequence 11.
[2026-08-19 12:02:16] [DEBUG   ] discord.gateway: For Shard ID None: WebSocket Event: {'t': None, 's': None, 'op': 11, 'd': None}
[2026-08-19 12:02:58] [DEBUG   ] discord.gateway: Keeping shard ID None websocket alive with sequence 11.
[2026-08-19 12:02:58] [DEBUG   ] discord.gateway: For Shard ID None: WebSocket Event: {'t': None, 's': None, 'op': 11, 'd': None}
[2026-08-19 12:03:39] [DEBUG   ] discord.gateway: Keeping shard ID None websocket alive with sequence 11.
[2026-08-19 12:03:39] [DEBUG   ] discord.gateway: For Shard ID None: WebSocket Event: {'t': None, 's': None, 'op': 11, 'd': None}
[2026-08-19 12:04:20] [DEBUG   ] discord.gateway: Keeping shard ID None websocket alive with sequence 11.
[2026-08-19 12:04:20] [DEBUG   ] discord.gateway: For Shard ID None: WebSocket Event: {'t': None, 's': None, 'op': 11, 'd': None}
[2026-08-19 12:05:01] [DEBUG   ] discord.gateway: Keeping shard ID None websocket alive with sequence 11.
[2026-08-19 12:05:01] [DEBUG   ] discord.gateway: For Shard ID None: WebSocket Event: {'t': None, 's': None, 'op': 11, 'd': None}
[2026-08-19 12:05:43] [DEBUG   ] discord.gateway: Keeping shard ID None websocket alive with sequence 11.
[2026-08-19 12:05:43] [DEBUG   ] discord.gateway: For Shard ID None: WebSocket Event: {'t': None, 's': None, 'op': 11, 'd': None}
[2026-08-19 12:06:24] [DEBUG   ] discord.gateway: Keeping shard ID None websocket alive with sequence 11.
[2026-08-19 12:06:24] [DEBUG   ] discord.gateway: For Shard ID None: WebSocket Event: {'t': None, 's': None, 'op': 11, 'd': None}
[2026-08-19 12:07:05] [DEBUG   ] discord.gateway: Keeping shard ID None websocket alive with sequence 11.
[2026-08-19 12:07:05] [DEBUG   ] discord.gateway: For Shard ID None: WebSocket Event: {'t': None, 's': None, 'op': 11, 'd': None}
[2026-08-19 12:07:46] [DEBUG   ] discord.gateway: Keeping shard ID None websocket alive with sequence 11.
[2026-08-19 12:07:46] [DEBUG   ] discord.gateway: For Shard ID None: WebSocket Event: {'t': None, 's': None, 'op': 11, 'd': None}
[2026-08-19 12:08:28] [DEBUG   ] discord.gateway: Keeping shard ID None websocket alive with sequence 11.
[2026-08-19 12:08:28] [DEBUG   ] discord.gateway: For Shard ID None: WebSocket Event: {'t': None, 's': None, 'op': 11, 'd': None}
[2026-08-19 12:09:09] [DEBUG   ] discord.gateway: Keeping shard ID None websocket alive with sequence 11.
[2026-08-19 12:09:09] [DEBUG   ] discord.gateway: For Shard ID None: WebSocket Event: {'t': None, 's': None, 'op': 11, 'd': None}
[2026-08-19 12:09:50] [DEBUG   ] discord.gateway: Keeping shard ID None websocket alive with sequence 11.
[2026-08-19 12:09:50] [DEBUG   ] discord.gateway: For Shard ID None: WebSocket Event: {'t': None, 's': None, 'op': 11, 'd': None}
[2026-08-19 12:10:31] [DEBUG   ] discord.gateway: Keeping shard ID None websocket alive with sequence 11.
[2026-08-19 12:10:31] [DEBUG   ] discord.gateway: For Shard ID None: WebSocket Event: {'t': None, 's': None, 'op': 11, 'd': None}
[2026-08-19 12:11:13] [DEBUG   ] discord.gateway: Keeping shard ID None websocket alive with sequence 11.
[2026-08-19 12:11:13] [DEBUG   ] discord.gateway: For Shard ID None: WebSocket Event: {'t': None, 's': None, 'op': 11, 'd': None}
[2026-08-19 12:11:54] [DEBUG   ] discord.gateway: Keeping shard ID None websocket alive with sequence 11.
[2026-08-19 12:11:54] [DEBUG   ] discord.gateway: For Shard ID None: WebSocket Event: {'t': None, 's': None, 'op': 11, 'd': None}
[2026-08-19 12:12:35] [DEBUG   ] discord.gateway: Keeping shard ID None websocket alive with sequence 11.
[2026-08-19 12:12:35] [DEBUG   ] discord.gateway: For Shard ID None: WebSocket Event: {'t': None, 's': None, 'op': 11, 'd': None}
[2026-08-19 12:13:16] [DEBUG   ] discord.gateway: Keeping shard ID None websocket alive with sequence 11.
[2026-08-19 12:13:16] [DEBUG   ] discord.gateway: For Shard ID None: WebSocket Event: {'t': None, 's': None, 'op': 11, 'd': None}
[2026-08-19 12:13:58] [DEBUG   ] discord.gateway: Keeping shard ID None websocket alive with sequence 11.
[2026-08-19 12:13:58] [DEBUG   ] discord.gateway: For Shard ID None: WebSocket Event: {'t': None, 's': None, 'op': 11, 'd': None}
[2026-08-19 12:14:39] [DEBUG   ] discord.gateway: Keeping shard ID None websocket alive with sequence 11.
[2026-08-19 12:14:39] [DEBUG   ] discord.gateway: For Shard ID None: WebSocket Event: {'t': None, 's': None, 'op': 11, 'd': None}
[2026-08-19 12:15:20] [DEBUG   ] discord.gateway: Keeping shard ID None websocket alive with sequence 11.
[2026-08-19 12:15:20] [DEBUG   ] discord.gateway: For Shard ID None: WebSocket Event: {'t': None, 's': None, 'op': 11, 'd': None}
[2026-08-19 12:16:01] [DEBUG   ] discord.gateway: Keeping shard ID None websocket alive with sequence 11.
[2026-08-19 12:16:01] [DEBUG   ] discord.gateway: For Shard ID None: WebSocket Event: {'t': None, 's': None, 'op': 11, 'd': None}
[2026-08-19 12:16:43] [DEBUG   ] discord.gateway: Keeping shard ID None websocket alive with sequence 11.
[2026-08-19 12:16:43] [DEBUG   ] discord.gateway: For Shard ID None: WebSocket Event: {'t': None, 's': None, 'op': 11, 'd': None}
[2026-08-19 12:17:24] [DEBUG   ] discord.gateway: Keeping shard ID None websocket alive with sequence 11.
[2026-08-19 12:17:24] [DEBUG   ] discord.gateway: For Shard ID None: WebSocket Event: {'t': None, 's': None, 'op': 11, 'd': None}
[2026-08-19 12:18:05] [DEBUG   ] discord.gateway: Keeping shard ID None websocket alive with sequence 11.
[2026-08-19 12:18:05] [DEBUG   ] discord.gateway: For Shard ID None: WebSocket Event: {'t': None, 's': None, 'op': 11, 'd': None}
[2026-08-19 12:18:46] [DEBUG   ] discord.gateway: Keeping shard ID None websocket alive with sequence 11.
[2026-08-19 12:18:46] [DEBUG   ] discord.gateway: For Shard ID None: WebSocket Event: {'t': None, 's': None, 'op': 11, 'd': None}
[2026-08-19 12:19:28] [DEBUG   ] discord.gateway: Keeping shard ID None websocket alive with sequence 11.
[2026-08-19 12:19:28] [DEBUG   ] discord.gateway: For Shard ID None: WebSocket Event: {'t': None, 's': None, 'op': 11, 'd': None}
[2026-08-19 12:20:09] [DEBUG   ] discord.gateway: Keeping shard ID None websocket alive with sequence 11.
[2026-08-19 12:20:09] [DEBUG   ] discord.gateway: For Shard ID None: WebSocket Event: {'t': None, 's': None, 'op': 11, 'd': None}
[2026-08-19 12:20:50] [DEBUG   ] discord.gateway: Keeping shard ID None websocket alive with sequence 11.
[2026-08-19 12:20:50] [DEBUG   ] discord.gateway: For Shard ID None: WebSocket Event: {'t': None, 's': None, 'op': 11, 'd': None}
[2026-08-19 12:21:31] [DEBUG   ] discord.gateway: Keeping shard ID None websocket alive with sequence 11.
[2026-08-19 12:21:32] [DEBUG   ] discord.gateway: For Shard ID None: WebSocket Event: {'t': None, 's': None, 'op': 11, 'd': None}
[2026-08-19 12:22:13] [DEBUG   ] discord.gateway: Keeping shard ID None websocket alive with sequence 11.
[2026-08-19 12:22:13] [DEBUG   ] discord.gateway: For Shard ID None: WebSocket Event: {'t': None, 's': None, 'op': 11, 'd': None}
[2026-08-19 12:22:54] [DEBUG   ] discord.gateway: Keeping shard ID None websocket alive with sequence 11.
[2026-08-19 12:22:54] [DEBUG   ] discord.gateway: For Shard ID None: WebSocket Event: {'t': None, 's': None, 'op': 11, 'd': None}
[2026-08-19 12:23:35] [DEBUG   ] discord.gateway: Keeping shard ID None websocket alive with sequence 11.
[2026-08-19 12:23:35] [DEBUG   ] discord.gateway: For Shard ID None: WebSocket Event: {'t': None, 's': None, 'op': 11, 'd': None}
[2026-08-19 12:24:17] [DEBUG   ] discord.gateway: Keeping shard ID None websocket alive with sequence 11.
[2026-08-19 12:24:17] [DEBUG   ] discord.gateway: For Shard ID None: WebSocket Event: {'t': None, 's': None, 'op': 11, 'd': None}
[2026-08-19 12:24:58] [DEBUG   ] discord.gateway: Keeping shard ID None websocket alive with sequence 11.
[2026-08-19 12:24:58] [DEBUG   ] discord.gateway: For Shard ID None: WebSocket Event: {'t': None, 's': None, 'op': 11, 'd': None}
[2026-08-19 12:25:39] [DEBUG   ] discord.gateway: Keeping shard ID None websocket alive with sequence 11.
[2026-08-19 12:25:39] [DEBUG   ] discord.gateway: For Shard ID None: WebSocket Event: {'t': None, 's': None, 'op': 11, 'd': None}
[2026-08-19 12:26:20] [DEBUG   ] discord.gateway: Keeping shard ID None websocket alive with sequence 11.
[2026-08-19 12:26:20] [DEBUG   ] discord.gateway: For Shard ID None: WebSocket Event: {'t': None, 's': None, 'op': 11, 'd': None}
[2026-08-19 12:27:02] [DEBUG   ] discord.gateway: Keeping shard ID None websocket alive with sequence 11.
[2026-08-19 12:27:02] [DEBUG   ] discord.gateway: For Shard ID None: WebSocket Event: {'t': None, 's': None, 'op': 11, 'd': None}
[2026-08-19 12:27:43] [DEBUG   ] discord.gateway: Keeping shard ID None websocket alive with sequence 11.
[2026-08-19 12:27:43] [DEBUG   ] discord.gateway: For Shard ID None: WebSocket Event: {'t': None, 's': None, 'op': 11, 'd': None}
[2026-08-19 12:28:24] [DEBUG   ] discord.gateway: Keeping shard ID None websocket alive with sequence 11.
[2026-08-19 12:28:24] [DEBUG   ] discord.gateway: For Shard ID None: WebSocket Event: {'t': None, 's': None, 'op': 11, 'd': None}
[2026-08-19 12:29:05] [DEBUG   ] discord.gateway: Keeping shard ID None websocket alive with sequence 11.
[2026-08-19 12:29:05] [DEBUG   ] discord.gateway: For Shard ID None: WebSocket Event: {'t': None, 's': None, 'op': 11, 'd': None}
[2026-08-20 12:58:12] [WARNING ] discord.gateway: Shard ID None has stopped responding to the gateway. Closing and restarting.
[2026-08-20 12:58:12] [DEBUG   ] discord.gateway: Timed out receiving packet. Attempting a reconnect.
[2026-08-20 12:58:12] [DEBUG   ] discord.client: Got a request to RESUME the websocket.
[2026-08-20 12:58:12] [DEBUG   ] discord.client: Dispatching event disconnect
[2026-08-20 12:58:12] [DEBUG   ] discord.gateway: Created websocket connected to wss://gateway-us-east1-b.discord.gg
[2026-08-20 12:58:12] [DEBUG   ] discord.gateway: For Shard ID None: WebSocket Event: {'t': None, 's': None, 'op': 10, 'd': {'heartbeat_interval': 41250, '_trace': ['["gateway-prd-arm-us-east1-b-b57h",{"micros":0.0}]']}}
[2026-08-20 12:58:12] [DEBUG   ] discord.gateway: Shard ID None has sent the RESUME payload.
[2026-08-20 12:58:12] [DEBUG   ] discord.gateway: For Shard ID None: WebSocket Event: {'t': None, 's': None, 'op': 11, 'd': None}
[2026-08-20 12:58:12] [DEBUG   ] discord.gateway: For Shard ID None: WebSocket Event: {'t': None, 's': None, 'op': 9, 'd': False}
[2026-08-20 12:58:12] [INFO    ] discord.gateway: Shard ID None session has been invalidated.
[2026-08-20 12:58:12] [DEBUG   ] discord.client: Got a request to IDENTIFY the websocket.
[2026-08-20 12:58:12] [DEBUG   ] discord.client: Dispatching event disconnect
[2026-08-20 12:58:12] [DEBUG   ] discord.gateway: Created websocket connected to wss://gateway-us-east1-b.discord.gg
[2026-08-20 12:58:12] [DEBUG   ] discord.gateway: For Shard ID None: WebSocket Event: {'t': None, 's': None, 'op': 10, 'd': {'heartbeat_interval': 41250, '_trace': ['["gateway-prd-arm-us-east1-b-1tnl",{"micros":0.0}]']}}
[2026-08-20 12:58:17] [DEBUG   ] discord.gateway: Shard ID None has sent the IDENTIFY payload.
[2026-08-20 12:58:17] [DEBUG   ] discord.gateway: For Shard ID None: WebSocket Event: {'t': None, 's': None, 'op': 11, 'd': None}
[2026-08-20 12:58:18] [DEBUG   ] discord.gateway: For Shard ID None: WebSocket Event: {'t': 'READY', 's': 1, 'op': 0, 'd': {'v': 10, 'user_settings': {}, 'user': {'verified': True, 'username': 'IT internship bot', 'primary_guild': None, 'mfa_enabled': False, 'id': '1531079830433566800', 'global_name': None, 'flags': 0, 'email': None, 'discriminator': '5194', 'clan': None, 'bot': True, 'avatar': None}, 'session_type': 'normal', 'session_id': '85d98f524cc5f0dc8a124f6253f9dff0', 'resume_gateway_url': 'wss://gateway-us-east1-b.discord.gg', 'relationships': [], 'private_channels': [], 'presences': [], 'guilds': [{'unavailable': True, 'id': '1531083629030014977'}], 'guild_join_requests': [], 'geo_ordered_rtc_regions': ['newark', 'us-east', 'us-central', 'atlanta', 'us-south'], 'game_relationships': [], 'auth': {}, 'application': {'id': '1531079830433566800', 'flags_new': '565248', 'flags': 565248}, '_trace': ['["gateway-prd-arm-us-east1-b-1tnl",{"micros":195546,"calls":["id_created",{"micros":588,"calls":[]},"session_lookup_time",{"micros":272,"calls":[]},"session_lookup_finished",{"micros":11,"calls":[]},"sessions-prd-gcp-us-east1-b-55",{"micros":194145,"calls":["start_session",{"micros":140426,"calls":["prd-rpc-5bb7bdff79-dh7bh",{"micros":61159,"calls":["get_user",{"micros":8946},"get_guilds",{"micros":4738},"send_scheduled_deletion_message",{"micros":11},"guild_join_requests",{"micros":1942},"authorized_ip_coro",{"micros":7},"pending_payments",{"micros":1445},"apex_experiments",{"micros":71022},"sessions_experiments",{"micros":5},"played_application_ids",{"micros":4},"linked_users",{"micros":4},"ad_personalization_toggles_disabled",{"micros":6},"regional_feature_config",{"micros":3}]}]},"starting_guild_connect",{"micros":40,"calls":[]},"lobbies_started",{"micros":1,"calls":[]},"presence_started",{"micros":20887,"calls":[]},"guilds_started",{"micros":128,"calls":[]},"guilds_connect",{"micros":2,"calls":[]},"presence_connect",{"micros":32631,"calls":[]},"connect_finished",{"micros":32646,"calls":[]},"build_ready",{"micros":15,"calls":[]},"clean_ready",{"micros":2,"calls":[]},"optimize_ready",{"micros":0,"calls":[]},"split_ready",{"micros":0,"calls":[]}]}]}]']}}
[2026-08-20 12:58:18] [DEBUG   ] discord.client: Dispatching event socket_event_type
[2026-08-20 12:58:18] [INFO    ] discord.gateway: Shard ID None has connected to Gateway (Session ID: 85d98f524cc5f0dc8a124f6253f9dff0).
[2026-08-20 12:58:18] [DEBUG   ] discord.client: Dispatching event connect
[2026-08-20 12:58:18] [DEBUG   ] discord.gateway: For Shard ID None: WebSocket Event: {'t': 'GUILD_CREATE', 's': 2, 'op': 0, 'd': {'default_message_notifications': 0, 'preferred_locale': 'en-US', 'nsfw': False, 'max_stage_video_channel_users': 50, 'activity_instances': [], 'icon': None, 'home_header': None, 'profile': None, 'splash': None, 'nsfw_level': 0, 'discovery_splash': None, 'premium_tier': 0, 'lazy': True, 'channels': [{'version': 1785109183531, 'type': 4, 'position': 0, 'permission_overwrites': [], 'name': 'Text Channels', 'id': '1531083629881724997', 'flags': 0}, {'version': 1785109183540, 'type': 4, 'position': 0, 'permission_overwrites': [], 'name': 'Voice Channels', 'id': '1531083629881724998', 'flags': 0}, {'version': 1785109183555, 'type': 0, 'topic': None, 'rate_limit_per_user': 0, 'position': 0, 'permission_overwrites': [], 'parent_id': '1531083629881724997', 'name': 'general', 'last_message_id': '1539655822047445034', 'id': '1531083629881724999', 'icon_emoji': {'name': '👋', 'id': None}, 'flags': 0}, {'version': 1785109183571, 'user_limit': 0, 'type': 2, 'rtc_region': None, 'rate_limit_per_user': 0, 'position': 0, 'permission_overwrites': [], 'parent_id': '1531083629881724998', 'name': 'General', 'last_message_id': None, 'id': '1531083629881725002', 'icon_emoji': {'name': '🎙', 'id': None}, 'flags': 0, 'bitrate': 64000}], 'game_application_ids': None, 'verification_role_id': None, 'premium_subscription_count': 0, 'id': '1531083629030014977', 'system_channel_id': '1531083629881724999', 'name': 'Discord bot testing', 'system_channel_flags': 0, 'moderator_reporting': None, 'member_count': 2, 'embedded_activities': [], 'latest_onboarding_question_id': None, 'guild_space_settings': {'publish_status': 0, 'enabled': True}, 'presences': [], 'region': 'deprecated', 'safety_alerts_channel_id': None, 'threads': [], 'max_video_channel_users': 25, 'unavailable': False, 'premium_progress_bar_enabled': False, 'application_command_counts': {}, 'guild_scheduled_events': [], 'incidents_data': None, 'owner_id': '1148739534490701895', 'voice_states': [], 'large': False, 'description': None, 'premium_progress_bar_enabled_user_updated_at': None, 'emojis': [], 'experiments': {'evaluation_id': None, 'assignments': []}, 'verification_level': 0, 'explicit_content_filter': 0, 'premium_features': None, 'hub_type': None, 'theme': None, 'afk_timeout': 300, 'joined_at': '2026-07-26T23:40:54.004000+00:00', 'rules_channel_id': None, 'stickers': [], 'mfa_level': 0, 'members': [{'user': {'username': 'IT internship bot', 'public_flags': 0, 'primary_guild': None, 'id': '1531079830433566800', 'global_name': None, 'display_name_styles': None, 'display_name': None, 'discriminator': '5194', 'collectibles': None, 'bot': True, 'avatar_decoration_data': None, 'avatar': None}, 'roles': ['1531083924971720728'], 'premium_since': None, 'pending': False, 'nick': None, 'mute': False, 'joined_at': '2026-07-26T23:40:54.004000+00:00', 'flags': 0, 'deaf': False, 'communication_disabled_until': None, 'banner': None, 'avatar': None}], 'features': [], 'banner': None, 'soundboard_sounds': [], 'vanity_url_code': None, 'roles': [{'version': 1785109183511, 'unicode_emoji': None, 'tags': {}, 'position': 0, 'permissions': '2248473465835073', 'name': '@everyone', 'mentionable': False, 'managed': False, 'id': '1531083629030014977', 'icon': None, 'hoist': False, 'flags': 0, 'colors': {'tertiary_color': None, 'secondary_color': None, 'primary_color': 0}, 'color': 0}, {'version': 1785109275483, 'unicode_emoji': None, 'tags': {'bot_id': '1531079830433566800'}, 'position': 1, 'permissions': '8', 'name': 'IT internship bot', 'mentionable': False, 'managed': True, 'id': '1531083924971720728', 'icon': None, 'hoist': False, 'flags': 0, 'colors': {'tertiary_color': None, 'secondary_color': None, 'primary_color': 0}, 'color': 0}], 'inventory_settings': None, 'max_members': 25000000, 'version': 1785109183579, 'application_id': None, 'owner_configured_content_level': 0, 'afk_channel_id': None, 'public_updates_channel_id': None, 'stage_instances': [], 'official_message_color': None}}
[2026-08-20 12:58:18] [DEBUG   ] discord.client: Dispatching event socket_event_type
[2026-08-20 12:58:18] [DEBUG   ] discord.gateway: For Shard ID None: WebSocket Event: {'t': 'GUILD_MEMBERS_CHUNK', 's': 3, 'op': 0, 'd': {'nonce': 'b7022e695196ee2ca2d452c576b1f190', 'members': [{'user': {'username': 'joepicard223', 'public_flags': 0, 'primary_guild': None, 'id': '1148739534490701895', 'global_name': 'Joe', 'display_name_styles': None, 'display_name': 'Joe', 'discriminator': '0', 'collectibles': None, 'bot': False, 'avatar_decoration_data': None, 'avatar': None}, 'roles': [], 'premium_since': None, 'pending': False, 'nick': None, 'mute': False, 'joined_at': '2026-07-26T23:39:43.404000+00:00', 'flags': 0, 'deaf': False, 'communication_disabled_until': None, 'banner': None, 'avatar': None}, {'user': {'username': 'IT internship bot', 'public_flags': 0, 'primary_guild': None, 'id': '1531079830433566800', 'global_name': None, 'display_name_styles': None, 'display_name': None, 'discriminator': '5194', 'collectibles': None, 'bot': True, 'avatar_decoration_data': None, 'avatar': None}, 'roles': ['1531083924971720728'], 'premium_since': None, 'pending': False, 'nick': None, 'mute': False, 'joined_at': '2026-07-26T23:40:54.004000+00:00', 'flags': 0, 'deaf': False, 'communication_disabled_until': None, 'banner': None, 'avatar': None}], 'guild_id': '1531083629030014977', 'chunk_index': 0, 'chunk_count': 1}}
[2026-08-20 12:58:18] [DEBUG   ] discord.client: Dispatching event socket_event_type
[2026-08-20 12:58:18] [DEBUG   ] discord.state: Processed a chunk for 2 members in guild ID 1531083629030014977.
[2026-08-20 12:58:20] [DEBUG   ] discord.client: Dispatching event guild_available
[2026-08-20 12:58:20] [DEBUG   ] discord.client: Dispatching event ready
[2026-08-20 12:58:52] [DEBUG   ] discord.gateway: Keeping shard ID None websocket alive with sequence 3.
[2026-08-20 12:58:53] [DEBUG   ] discord.gateway: For Shard ID None: WebSocket Event: {'t': None, 's': None, 'op': 11, 'd': None}
[2026-08-20 12:59:33] [DEBUG   ] discord.gateway: Keeping shard ID None websocket alive with sequence 3.
[2026-08-20 12:59:34] [DEBUG   ] discord.gateway: For Shard ID None: WebSocket Event: {'t': None, 's': None, 'op': 11, 'd': None}
[2026-08-20 13:00:15] [DEBUG   ] discord.gateway: Keeping shard ID None websocket alive with sequence 3.
[2026-08-20 13:00:15] [DEBUG   ] discord.gateway: For Shard ID None: WebSocket Event: {'t': None, 's': None, 'op': 11, 'd': None}
[2026-08-20 13:00:56] [DEBUG   ] discord.gateway: Keeping shard ID None websocket alive with sequence 3.
[2026-08-20 13:00:56] [DEBUG   ] discord.gateway: For Shard ID None: WebSocket Event: {'t': None, 's': None, 'op': 11, 'd': None}
[2026-08-20 13:01:37] [DEBUG   ] discord.gateway: Keeping shard ID None websocket alive with sequence 3.
[2026-08-20 13:01:37] [DEBUG   ] discord.gateway: For Shard ID None: WebSocket Event: {'t': None, 's': None, 'op': 11, 'd': None}
[2026-08-20 13:02:18] [DEBUG   ] discord.gateway: Keeping shard ID None websocket alive with sequence 3.
[2026-08-20 13:02:19] [DEBUG   ] discord.gateway: For Shard ID None: WebSocket Event: {'t': None, 's': None, 'op': 11, 'd': None}
[2026-08-20 13:03:00] [DEBUG   ] discord.gateway: Keeping shard ID None websocket alive with sequence 3.
[2026-08-20 13:03:00] [DEBUG   ] discord.gateway: For Shard ID None: WebSocket Event: {'t': None, 's': None, 'op': 11, 'd': None}
[2026-08-20 13:03:41] [DEBUG   ] discord.gateway: Keeping shard ID None websocket alive with sequence 3.
[2026-08-20 13:03:41] [DEBUG   ] discord.gateway: For Shard ID None: WebSocket Event: {'t': None, 's': None, 'op': 11, 'd': None}
[2026-08-20 13:04:22] [DEBUG   ] discord.gateway: Keeping shard ID None websocket alive with sequence 3.
[2026-08-20 13:04:23] [DEBUG   ] discord.gateway: For Shard ID None: WebSocket Event: {'t': None, 's': None, 'op': 11, 'd': None}
[2026-08-20 13:05:04] [DEBUG   ] discord.gateway: Keeping shard ID None websocket alive with sequence 3.
[2026-08-20 13:05:04] [DEBUG   ] discord.gateway: For Shard ID None: WebSocket Event: {'t': None, 's': None, 'op': 11, 'd': None}
[2026-08-20 13:05:45] [DEBUG   ] discord.gateway: Keeping shard ID None websocket alive with sequence 3.
[2026-08-20 13:05:45] [DEBUG   ] discord.gateway: For Shard ID None: WebSocket Event: {'t': None, 's': None, 'op': 11, 'd': None}
[2026-08-20 13:06:26] [DEBUG   ] discord.gateway: Keeping shard ID None websocket alive with sequence 3.
[2026-08-20 13:06:26] [DEBUG   ] discord.gateway: For Shard ID None: WebSocket Event: {'t': None, 's': None, 'op': 11, 'd': None}
[2026-08-20 13:07:07] [DEBUG   ] discord.gateway: Keeping shard ID None websocket alive with sequence 3.
[2026-08-20 13:07:07] [DEBUG   ] discord.gateway: For Shard ID None: WebSocket Event: {'t': None, 's': None, 'op': 11, 'd': None}
[2026-08-20 13:07:49] [DEBUG   ] discord.gateway: Keeping shard ID None websocket alive with sequence 3.
[2026-08-20 13:07:49] [DEBUG   ] discord.gateway: For Shard ID None: WebSocket Event: {'t': None, 's': None, 'op': 11, 'd': None}
[2026-08-20 13:08:30] [DEBUG   ] discord.gateway: Keeping shard ID None websocket alive with sequence 3.
[2026-08-20 13:08:30] [DEBUG   ] discord.gateway: For Shard ID None: WebSocket Event: {'t': None, 's': None, 'op': 11, 'd': None}
[2026-08-20 13:09:11] [DEBUG   ] discord.gateway: Keeping shard ID None websocket alive with sequence 3.
[2026-08-20 13:09:11] [DEBUG   ] discord.gateway: For Shard ID None: WebSocket Event: {'t': None, 's': None, 'op': 11, 'd': None}
[2026-08-20 13:09:52] [DEBUG   ] discord.gateway: Keeping shard ID None websocket alive with sequence 3.
[2026-08-20 13:09:52] [DEBUG   ] discord.gateway: For Shard ID None: WebSocket Event: {'t': None, 's': None, 'op': 11, 'd': None}
[2026-08-20 13:10:34] [DEBUG   ] discord.gateway: Keeping shard ID None websocket alive with sequence 3.
[2026-08-20 13:10:34] [DEBUG   ] discord.gateway: For Shard ID None: WebSocket Event: {'t': None, 's': None, 'op': 11, 'd': None}
[2026-08-20 13:11:15] [DEBUG   ] discord.gateway: Keeping shard ID None websocket alive with sequence 3.
[2026-08-20 13:11:15] [DEBUG   ] discord.gateway: For Shard ID None: WebSocket Event: {'t': None, 's': None, 'op': 11, 'd': None}
[2026-08-20 13:11:56] [DEBUG   ] discord.gateway: Keeping shard ID None websocket alive with sequence 3.
[2026-08-20 13:11:56] [DEBUG   ] discord.gateway: For Shard ID None: WebSocket Event: {'t': None, 's': None, 'op': 11, 'd': None}
[2026-08-20 13:12:37] [DEBUG   ] discord.gateway: Keeping shard ID None websocket alive with sequence 3.
[2026-08-20 13:12:37] [DEBUG   ] discord.gateway: For Shard ID None: WebSocket Event: {'t': None, 's': None, 'op': 11, 'd': None}
[2026-08-20 13:13:19] [DEBUG   ] discord.gateway: Keeping shard ID None websocket alive with sequence 3.
[2026-08-20 13:13:19] [DEBUG   ] discord.gateway: For Shard ID None: WebSocket Event: {'t': None, 's': None, 'op': 11, 'd': None}
[2026-08-20 13:14:00] [DEBUG   ] discord.gateway: Keeping shard ID None websocket alive with sequence 3.
[2026-08-20 13:14:00] [DEBUG   ] discord.gateway: For Shard ID None: WebSocket Event: {'t': None, 's': None, 'op': 11, 'd': None}
[2026-08-20 13:14:41] [DEBUG   ] discord.gateway: Keeping shard ID None websocket alive with sequence 3.
[2026-08-20 13:14:41] [DEBUG   ] discord.gateway: For Shard ID None: WebSocket Event: {'t': None, 's': None, 'op': 11, 'd': None}
[2026-08-20 13:15:22] [DEBUG   ] discord.gateway: Keeping shard ID None websocket alive with sequence 3.
[2026-08-20 13:15:22] [DEBUG   ] discord.gateway: For Shard ID None: WebSocket Event: {'t': None, 's': None, 'op': 11, 'd': None}
[2026-08-20 13:16:04] [DEBUG   ] discord.gateway: Keeping shard ID None websocket alive with sequence 3.
[2026-08-20 13:16:04] [DEBUG   ] discord.gateway: For Shard ID None: WebSocket Event: {'t': None, 's': None, 'op': 11, 'd': None}
[2026-08-20 13:16:45] [DEBUG   ] discord.gateway: Keeping shard ID None websocket alive with sequence 3.
[2026-08-20 13:16:45] [DEBUG   ] discord.gateway: For Shard ID None: WebSocket Event: {'t': None, 's': None, 'op': 11, 'd': None}
[2026-08-20 13:17:26] [DEBUG   ] discord.gateway: Keeping shard ID None websocket alive with sequence 3.
[2026-08-20 13:17:26] [DEBUG   ] discord.gateway: For Shard ID None: WebSocket Event: {'t': None, 's': None, 'op': 11, 'd': None}
[2026-08-20 13:18:07] [DEBUG   ] discord.gateway: Keeping shard ID None websocket alive with sequence 3.
[2026-08-20 13:18:08] [DEBUG   ] discord.gateway: For Shard ID None: WebSocket Event: {'t': None, 's': None, 'op': 11, 'd': None}
[2026-08-20 13:18:49] [DEBUG   ] discord.gateway: Keeping shard ID None websocket alive with sequence 3.
[2026-08-20 13:18:49] [DEBUG   ] discord.gateway: For Shard ID None: WebSocket Event: {'t': None, 's': None, 'op': 11, 'd': None}
[2026-08-20 13:19:30] [DEBUG   ] discord.gateway: Keeping shard ID None websocket alive with sequence 3.
[2026-08-20 13:19:30] [DEBUG   ] discord.gateway: For Shard ID None: WebSocket Event: {'t': None, 's': None, 'op': 11, 'd': None}
[2026-08-20 13:20:11] [DEBUG   ] discord.gateway: Keeping shard ID None websocket alive with sequence 3.
[2026-08-20 13:20:11] [DEBUG   ] discord.gateway: For Shard ID None: WebSocket Event: {'t': None, 's': None, 'op': 11, 'd': None}
[2026-08-20 13:20:52] [DEBUG   ] discord.gateway: Keeping shard ID None websocket alive with sequence 3.
[2026-08-20 13:20:53] [DEBUG   ] discord.gateway: For Shard ID None: WebSocket Event: {'t': None, 's': None, 'op': 11, 'd': None}
[2026-08-20 13:21:34] [DEBUG   ] discord.gateway: Keeping shard ID None websocket alive with sequence 3.
[2026-08-20 13:21:34] [DEBUG   ] discord.gateway: For Shard ID None: WebSocket Event: {'t': None, 's': None, 'op': 11, 'd': None}
[2026-08-20 13:22:15] [DEBUG   ] discord.gateway: Keeping shard ID None websocket alive with sequence 3.
[2026-08-20 13:22:15] [DEBUG   ] discord.gateway: For Shard ID None: WebSocket Event: {'t': None, 's': None, 'op': 11, 'd': None}
[2026-08-20 13:22:56] [DEBUG   ] discord.gateway: Keeping shard ID None websocket alive with sequence 3.
[2026-08-20 13:22:56] [DEBUG   ] discord.gateway: For Shard ID None: WebSocket Event: {'t': None, 's': None, 'op': 11, 'd': None}
[2026-08-20 13:23:37] [DEBUG   ] discord.gateway: Keeping shard ID None websocket alive with sequence 3.
[2026-08-20 13:23:38] [DEBUG   ] discord.gateway: For Shard ID None: WebSocket Event: {'t': None, 's': None, 'op': 11, 'd': None}
[2026-08-20 13:24:19] [DEBUG   ] discord.gateway: Keeping shard ID None websocket alive with sequence 3.
[2026-08-20 13:24:19] [DEBUG   ] discord.gateway: For Shard ID None: WebSocket Event: {'t': None, 's': None, 'op': 11, 'd': None}
[2026-08-20 13:25:00] [DEBUG   ] discord.gateway: Keeping shard ID None websocket alive with sequence 3.
[2026-08-20 13:25:00] [DEBUG   ] discord.gateway: For Shard ID None: WebSocket Event: {'t': None, 's': None, 'op': 11, 'd': None}
[2026-08-20 13:25:41] [DEBUG   ] discord.gateway: Keeping shard ID None websocket alive with sequence 3.
[2026-08-20 13:25:41] [DEBUG   ] discord.gateway: For Shard ID None: WebSocket Event: {'t': None, 's': None, 'op': 11, 'd': None}
[2026-08-20 13:26:23] [DEBUG   ] discord.gateway: Keeping shard ID None websocket alive with sequence 3.
[2026-08-20 13:26:23] [DEBUG   ] discord.gateway: For Shard ID None: WebSocket Event: {'t': None, 's': None, 'op': 11, 'd': None}
[2026-08-20 13:27:04] [DEBUG   ] discord.gateway: Keeping shard ID None websocket alive with sequence 3.
[2026-08-20 13:27:04] [DEBUG   ] discord.gateway: For Shard ID None: WebSocket Event: {'t': None, 's': None, 'op': 11, 'd': None}
[2026-08-20 13:27:45] [DEBUG   ] discord.gateway: Keeping shard ID None websocket alive with sequence 3.
[2026-08-20 13:27:45] [DEBUG   ] discord.gateway: For Shard ID None: WebSocket Event: {'t': None, 's': None, 'op': 11, 'd': None}
[2026-08-20 13:28:26] [DEBUG   ] discord.gateway: Keeping shard ID None websocket alive with sequence 3.
[2026-08-20 13:28:26] [DEBUG   ] discord.gateway: For Shard ID None: WebSocket Event: {'t': None, 's': None, 'op': 11, 'd': None}
[2026-08-20 13:29:08] [DEBUG   ] discord.gateway: Keeping shard ID None websocket alive with sequence 3.
[2026-08-20 13:29:08] [DEBUG   ] discord.gateway: For Shard ID None: WebSocket Event: {'t': None, 's': None, 'op': 11, 'd': None}
[2026-08-20 13:29:49] [DEBUG   ] discord.gateway: Keeping shard ID None websocket alive with sequence 3.
[2026-08-20 13:29:49] [DEBUG   ] discord.gateway: For Shard ID None: WebSocket Event: {'t': None, 's': None, 'op': 11, 'd': None}
[2026-08-20 13:30:30] [DEBUG   ] discord.gateway: Keeping shard ID None websocket alive with sequence 3.
[2026-08-20 13:30:30] [DEBUG   ] discord.gateway: For Shard ID None: WebSocket Event: {'t': None, 's': None, 'op': 11, 'd': None}
[2026-08-20 13:31:11] [DEBUG   ] discord.gateway: Keeping shard ID None websocket alive with sequence 3.
[2026-08-20 13:31:11] [DEBUG   ] discord.gateway: For Shard ID None: WebSocket Event: {'t': None, 's': None, 'op': 11, 'd': None}
[2026-08-20 13:31:53] [DEBUG   ] discord.gateway: Keeping shard ID None websocket alive with sequence 3.
[2026-08-20 13:31:53] [DEBUG   ] discord.gateway: For Shard ID None: WebSocket Event: {'t': None, 's': None, 'op': 11, 'd': None}
[2026-08-20 13:32:34] [DEBUG   ] discord.gateway: Keeping shard ID None websocket alive with sequence 3.
[2026-08-20 13:32:34] [DEBUG   ] discord.gateway: For Shard ID None: WebSocket Event: {'t': None, 's': None, 'op': 11, 'd': None}
[2026-08-20 13:33:15] [DEBUG   ] discord.gateway: Keeping shard ID None websocket alive with sequence 3.
[2026-08-20 13:33:15] [DEBUG   ] discord.gateway: For Shard ID None: WebSocket Event: {'t': None, 's': None, 'op': 11, 'd': None}
[2026-08-20 13:33:56] [DEBUG   ] discord.gateway: Keeping shard ID None websocket alive with sequence 3.
[2026-08-20 13:33:57] [DEBUG   ] discord.gateway: For Shard ID None: WebSocket Event: {'t': None, 's': None, 'op': 11, 'd': None}
[2026-08-20 13:34:38] [DEBUG   ] discord.gateway: Keeping shard ID None websocket alive with sequence 3.
[2026-08-20 13:34:38] [DEBUG   ] discord.gateway: For Shard ID None: WebSocket Event: {'t': None, 's': None, 'op': 11, 'd': None}
[2026-08-20 13:35:19] [DEBUG   ] discord.gateway: Keeping shard ID None websocket alive with sequence 3.
[2026-08-20 13:35:19] [DEBUG   ] discord.gateway: For Shard ID None: WebSocket Event: {'t': None, 's': None, 'op': 11, 'd': None}
[2026-08-20 13:36:00] [DEBUG   ] discord.gateway: Keeping shard ID None websocket alive with sequence 3.
[2026-08-20 13:36:00] [DEBUG   ] discord.gateway: For Shard ID None: WebSocket Event: {'t': None, 's': None, 'op': 11, 'd': None}
[2026-08-20 13:36:41] [DEBUG   ] discord.gateway: Keeping shard ID None websocket alive with sequence 3.
[2026-08-20 13:36:42] [DEBUG   ] discord.gateway: For Shard ID None: WebSocket Event: {'t': None, 's': None, 'op': 11, 'd': None}
[2026-08-20 13:37:23] [DEBUG   ] discord.gateway: Keeping shard ID None websocket alive with sequence 3.
[2026-08-20 13:37:23] [DEBUG   ] discord.gateway: For Shard ID None: WebSocket Event: {'t': None, 's': None, 'op': 11, 'd': None}
[2026-08-20 13:38:04] [DEBUG   ] discord.gateway: Keeping shard ID None websocket alive with sequence 3.
[2026-08-20 13:38:04] [DEBUG   ] discord.gateway: For Shard ID None: WebSocket Event: {'t': None, 's': None, 'op': 11, 'd': None}
[2026-08-20 13:38:45] [DEBUG   ] discord.gateway: Keeping shard ID None websocket alive with sequence 3.
[2026-08-20 13:38:45] [DEBUG   ] discord.gateway: For Shard ID None: WebSocket Event: {'t': None, 's': None, 'op': 11, 'd': None}
[2026-08-20 13:39:26] [DEBUG   ] discord.gateway: Keeping shard ID None websocket alive with sequence 3.
[2026-08-20 13:39:27] [DEBUG   ] discord.gateway: For Shard ID None: WebSocket Event: {'t': None, 's': None, 'op': 11, 'd': None}
[2026-08-20 13:40:08] [DEBUG   ] discord.gateway: Keeping shard ID None websocket alive with sequence 3.
[2026-08-20 13:40:08] [DEBUG   ] discord.gateway: For Shard ID None: WebSocket Event: {'t': None, 's': None, 'op': 11, 'd': None}
[2026-08-20 13:40:49] [DEBUG   ] discord.gateway: Keeping shard ID None websocket alive with sequence 3.
[2026-08-20 13:40:49] [DEBUG   ] discord.gateway: For Shard ID None: WebSocket Event: {'t': None, 's': None, 'op': 11, 'd': None}
[2026-08-20 13:41:30] [DEBUG   ] discord.gateway: Keeping shard ID None websocket alive with sequence 3.
[2026-08-20 13:41:30] [DEBUG   ] discord.gateway: For Shard ID None: WebSocket Event: {'t': None, 's': None, 'op': 11, 'd': None}
[2026-08-20 13:42:11] [DEBUG   ] discord.gateway: Keeping shard ID None websocket alive with sequence 3.
[2026-08-20 13:42:12] [DEBUG   ] discord.gateway: For Shard ID None: WebSocket Event: {'t': None, 's': None, 'op': 11, 'd': None}
[2026-08-20 13:42:53] [DEBUG   ] discord.gateway: Keeping shard ID None websocket alive with sequence 3.
[2026-08-20 13:42:53] [DEBUG   ] discord.gateway: For Shard ID None: WebSocket Event: {'t': None, 's': None, 'op': 11, 'd': None}
[2026-08-20 13:43:34] [DEBUG   ] discord.gateway: Keeping shard ID None websocket alive with sequence 3.
[2026-08-20 13:43:34] [DEBUG   ] discord.gateway: For Shard ID None: WebSocket Event: {'t': None, 's': None, 'op': 11, 'd': None}
[2026-08-20 13:44:15] [DEBUG   ] discord.gateway: Keeping shard ID None websocket alive with sequence 3.
[2026-08-20 13:44:15] [DEBUG   ] discord.gateway: For Shard ID None: WebSocket Event: {'t': None, 's': None, 'op': 11, 'd': None}
[2026-08-20 13:44:56] [DEBUG   ] discord.gateway: Keeping shard ID None websocket alive with sequence 3.
[2026-08-20 13:44:57] [DEBUG   ] discord.gateway: For Shard ID None: WebSocket Event: {'t': None, 's': None, 'op': 11, 'd': None}
[2026-08-20 13:45:38] [DEBUG   ] discord.gateway: Keeping shard ID None websocket alive with sequence 3.
[2026-08-20 13:45:38] [DEBUG   ] discord.gateway: For Shard ID None: WebSocket Event: {'t': None, 's': None, 'op': 11, 'd': None}
[2026-08-20 13:46:19] [DEBUG   ] discord.gateway: Keeping shard ID None websocket alive with sequence 3.
[2026-08-20 13:46:19] [DEBUG   ] discord.gateway: For Shard ID None: WebSocket Event: {'t': None, 's': None, 'op': 11, 'd': None}
[2026-08-20 13:47:00] [DEBUG   ] discord.gateway: Keeping shard ID None websocket alive with sequence 3.
[2026-08-20 13:47:00] [DEBUG   ] discord.gateway: For Shard ID None: WebSocket Event: {'t': None, 's': None, 'op': 11, 'd': None}
[2026-08-20 13:47:42] [DEBUG   ] discord.gateway: Keeping shard ID None websocket alive with sequence 3.
[2026-08-20 13:47:42] [DEBUG   ] discord.gateway: For Shard ID None: WebSocket Event: {'t': None, 's': None, 'op': 11, 'd': None}
[2026-08-20 13:48:23] [DEBUG   ] discord.gateway: Keeping shard ID None websocket alive with sequence 3.
[2026-08-20 13:48:23] [DEBUG   ] discord.gateway: For Shard ID None: WebSocket Event: {'t': None, 's': None, 'op': 11, 'd': None}
[2026-08-20 13:49:04] [DEBUG   ] discord.gateway: Keeping shard ID None websocket alive with sequence 3.
[2026-08-20 13:49:04] [DEBUG   ] discord.gateway: For Shard ID None: WebSocket Event: {'t': None, 's': None, 'op': 11, 'd': None}
[2026-08-20 13:49:45] [DEBUG   ] discord.gateway: Keeping shard ID None websocket alive with sequence 3.
[2026-08-20 13:49:45] [DEBUG   ] discord.gateway: For Shard ID None: WebSocket Event: {'t': None, 's': None, 'op': 11, 'd': None}
[2026-08-20 13:50:27] [DEBUG   ] discord.gateway: Keeping shard ID None websocket alive with sequence 3.
[2026-08-20 13:50:27] [DEBUG   ] discord.gateway: For Shard ID None: WebSocket Event: {'t': None, 's': None, 'op': 11, 'd': None}
[2026-08-20 13:51:08] [DEBUG   ] discord.gateway: Keeping shard ID None websocket alive with sequence 3.
[2026-08-20 13:51:08] [DEBUG   ] discord.gateway: For Shard ID None: WebSocket Event: {'t': None, 's': None, 'op': 11, 'd': None}
[2026-08-20 13:51:49] [DEBUG   ] discord.gateway: Keeping shard ID None websocket alive with sequence 3.
[2026-08-20 13:51:49] [DEBUG   ] discord.gateway: For Shard ID None: WebSocket Event: {'t': None, 's': None, 'op': 11, 'd': None}
[2026-08-20 13:52:30] [DEBUG   ] discord.gateway: Keeping shard ID None websocket alive with sequence 3.
[2026-08-20 13:52:31] [DEBUG   ] discord.gateway: For Shard ID None: WebSocket Event: {'t': None, 's': None, 'op': 11, 'd': None}
[2026-08-20 13:53:12] [DEBUG   ] discord.gateway: Keeping shard ID None websocket alive with sequence 3.
[2026-08-20 13:53:12] [DEBUG   ] discord.gateway: For Shard ID None: WebSocket Event: {'t': None, 's': None, 'op': 11, 'd': None}
[2026-08-20 13:53:53] [DEBUG   ] discord.gateway: Keeping shard ID None websocket alive with sequence 3.
[2026-08-20 13:53:53] [DEBUG   ] discord.gateway: For Shard ID None: WebSocket Event: {'t': None, 's': None, 'op': 11, 'd': None}
[2026-08-20 13:54:34] [DEBUG   ] discord.gateway: Keeping shard ID None websocket alive with sequence 3.
[2026-08-20 13:54:34] [DEBUG   ] discord.gateway: For Shard ID None: WebSocket Event: {'t': None, 's': None, 'op': 11, 'd': None}
[2026-08-20 13:55:15] [DEBUG   ] discord.gateway: Keeping shard ID None websocket alive with sequence 3.
[2026-08-20 13:55:15] [DEBUG   ] discord.gateway: For Shard ID None: WebSocket Event: {'t': None, 's': None, 'op': 11, 'd': None}
[2026-08-20 13:55:57] [DEBUG   ] discord.gateway: Keeping shard ID None websocket alive with sequence 3.
[2026-08-20 13:55:57] [DEBUG   ] discord.gateway: For Shard ID None: WebSocket Event: {'t': None, 's': None, 'op': 11, 'd': None}
[2026-08-20 13:56:38] [DEBUG   ] discord.gateway: Keeping shard ID None websocket alive with sequence 3.
[2026-08-20 13:56:38] [DEBUG   ] discord.gateway: For Shard ID None: WebSocket Event: {'t': None, 's': None, 'op': 11, 'd': None}
[2026-08-20 13:57:19] [DEBUG   ] discord.gateway: Keeping shard ID None websocket alive with sequence 3.
[2026-08-20 13:57:19] [DEBUG   ] discord.gateway: For Shard ID None: WebSocket Event: {'t': None, 's': None, 'op': 11, 'd': None}
[2026-08-20 13:58:00] [DEBUG   ] discord.gateway: Keeping shard ID None websocket alive with sequence 3.
[2026-08-20 13:58:00] [DEBUG   ] discord.gateway: For Shard ID None: WebSocket Event: {'t': None, 's': None, 'op': 11, 'd': None}
[2026-08-20 13:58:42] [DEBUG   ] discord.gateway: Keeping shard ID None websocket alive with sequence 3.
[2026-08-20 13:58:42] [DEBUG   ] discord.gateway: For Shard ID None: WebSocket Event: {'t': None, 's': None, 'op': 11, 'd': None}
[2026-08-20 13:59:23] [DEBUG   ] discord.gateway: Keeping shard ID None websocket alive with sequence 3.
[2026-08-20 13:59:23] [DEBUG   ] discord.gateway: For Shard ID None: WebSocket Event: {'t': None, 's': None, 'op': 11, 'd': None}
[2026-08-20 14:00:04] [DEBUG   ] discord.gateway: Keeping shard ID None websocket alive with sequence 3.
[2026-08-20 14:00:04] [DEBUG   ] discord.gateway: For Shard ID None: WebSocket Event: {'t': None, 's': None, 'op': 11, 'd': None}
[2026-08-20 14:00:45] [DEBUG   ] discord.gateway: Keeping shard ID None websocket alive with sequence 3.
[2026-08-20 14:00:46] [DEBUG   ] discord.gateway: For Shard ID None: WebSocket Event: {'t': None, 's': None, 'op': 11, 'd': None}
[2026-08-20 14:01:27] [DEBUG   ] discord.gateway: Keeping shard ID None websocket alive with sequence 3.
[2026-08-20 14:01:27] [DEBUG   ] discord.gateway: For Shard ID None: WebSocket Event: {'t': None, 's': None, 'op': 11, 'd': None}
[2026-08-20 14:02:08] [DEBUG   ] discord.gateway: Keeping shard ID None websocket alive with sequence 3.
[2026-08-20 14:02:08] [DEBUG   ] discord.gateway: For Shard ID None: WebSocket Event: {'t': None, 's': None, 'op': 11, 'd': None}
[2026-08-20 14:02:49] [DEBUG   ] discord.gateway: Keeping shard ID None websocket alive with sequence 3.
[2026-08-20 14:02:49] [DEBUG   ] discord.gateway: For Shard ID None: WebSocket Event: {'t': None, 's': None, 'op': 11, 'd': None}
[2026-08-20 14:03:30] [DEBUG   ] discord.gateway: Keeping shard ID None websocket alive with sequence 3.
[2026-08-20 14:03:31] [DEBUG   ] discord.gateway: For Shard ID None: WebSocket Event: {'t': None, 's': None, 'op': 11, 'd': None}
[2026-08-20 14:04:12] [DEBUG   ] discord.gateway: Keeping shard ID None websocket alive with sequence 3.
[2026-08-20 14:04:12] [DEBUG   ] discord.gateway: For Shard ID None: WebSocket Event: {'t': None, 's': None, 'op': 11, 'd': None}
[2026-08-20 14:04:53] [DEBUG   ] discord.gateway: Keeping shard ID None websocket alive with sequence 3.
[2026-08-20 14:04:53] [DEBUG   ] discord.gateway: For Shard ID None: WebSocket Event: {'t': None, 's': None, 'op': 11, 'd': None}
[2026-08-20 14:05:34] [DEBUG   ] discord.gateway: Keeping shard ID None websocket alive with sequence 3.
[2026-08-20 14:05:34] [DEBUG   ] discord.gateway: For Shard ID None: WebSocket Event: {'t': None, 's': None, 'op': 11, 'd': None}
[2026-08-20 14:06:16] [DEBUG   ] discord.gateway: Keeping shard ID None websocket alive with sequence 3.
[2026-08-20 14:06:16] [DEBUG   ] discord.gateway: For Shard ID None: WebSocket Event: {'t': None, 's': None, 'op': 11, 'd': None}
[2026-08-20 14:06:57] [DEBUG   ] discord.gateway: Keeping shard ID None websocket alive with sequence 3.
[2026-08-20 14:06:57] [DEBUG   ] discord.gateway: For Shard ID None: WebSocket Event: {'t': None, 's': None, 'op': 11, 'd': None}
[2026-08-20 14:07:38] [DEBUG   ] discord.gateway: Keeping shard ID None websocket alive with sequence 3.
[2026-08-20 14:07:38] [DEBUG   ] discord.gateway: For Shard ID None: WebSocket Event: {'t': None, 's': None, 'op': 11, 'd': None}
[2026-08-20 14:08:19] [DEBUG   ] discord.gateway: Keeping shard ID None websocket alive with sequence 3.
[2026-08-20 14:08:19] [DEBUG   ] discord.gateway: For Shard ID None: WebSocket Event: {'t': None, 's': None, 'op': 11, 'd': None}
[2026-08-20 14:09:01] [DEBUG   ] discord.gateway: Keeping shard ID None websocket alive with sequence 3.
[2026-08-20 14:09:01] [DEBUG   ] discord.gateway: For Shard ID None: WebSocket Event: {'t': None, 's': None, 'op': 11, 'd': None}
[2026-08-20 14:09:42] [DEBUG   ] discord.gateway: Keeping shard ID None websocket alive with sequence 3.
[2026-08-20 14:09:42] [DEBUG   ] discord.gateway: For Shard ID None: WebSocket Event: {'t': None, 's': None, 'op': 11, 'd': None}
[2026-08-20 14:10:23] [DEBUG   ] discord.gateway: Keeping shard ID None websocket alive with sequence 3.
[2026-08-20 14:10:23] [DEBUG   ] discord.gateway: For Shard ID None: WebSocket Event: {'t': None, 's': None, 'op': 11, 'd': None}
[2026-08-20 14:11:04] [DEBUG   ] discord.gateway: Keeping shard ID None websocket alive with sequence 3.
[2026-08-20 14:11:04] [DEBUG   ] discord.gateway: For Shard ID None: WebSocket Event: {'t': None, 's': None, 'op': 11, 'd': None}
[2026-08-20 14:11:46] [DEBUG   ] discord.gateway: Keeping shard ID None websocket alive with sequence 3.
[2026-08-20 14:11:46] [DEBUG   ] discord.gateway: For Shard ID None: WebSocket Event: {'t': None, 's': None, 'op': 11, 'd': None}
[2026-08-20 14:12:27] [DEBUG   ] discord.gateway: Keeping shard ID None websocket alive with sequence 3.
[2026-08-20 14:12:27] [DEBUG   ] discord.gateway: For Shard ID None: WebSocket Event: {'t': None, 's': None, 'op': 11, 'd': None}
[2026-08-20 14:13:08] [DEBUG   ] discord.gateway: Keeping shard ID None websocket alive with sequence 3.
[2026-08-20 14:13:08] [DEBUG   ] discord.gateway: For Shard ID None: WebSocket Event: {'t': None, 's': None, 'op': 11, 'd': None}
[2026-08-20 14:13:49] [DEBUG   ] discord.gateway: Keeping shard ID None websocket alive with sequence 3.
[2026-08-20 14:13:49] [DEBUG   ] discord.gateway: For Shard ID None: WebSocket Event: {'t': None, 's': None, 'op': 11, 'd': None}
[2026-08-20 14:14:31] [DEBUG   ] discord.gateway: Keeping shard ID None websocket alive with sequence 3.
[2026-08-20 14:14:31] [DEBUG   ] discord.gateway: For Shard ID None: WebSocket Event: {'t': None, 's': None, 'op': 11, 'd': None}
[2026-08-20 14:15:12] [DEBUG   ] discord.gateway: Keeping shard ID None websocket alive with sequence 3.
[2026-08-20 14:15:12] [DEBUG   ] discord.gateway: For Shard ID None: WebSocket Event: {'t': None, 's': None, 'op': 11, 'd': None}
[2026-08-20 14:15:53] [DEBUG   ] discord.gateway: Keeping shard ID None websocket alive with sequence 3.
[2026-08-20 14:15:53] [DEBUG   ] discord.gateway: For Shard ID None: WebSocket Event: {'t': None, 's': None, 'op': 11, 'd': None}
[2026-08-20 14:16:34] [DEBUG   ] discord.gateway: Keeping shard ID None websocket alive with sequence 3.
[2026-08-20 14:16:34] [DEBUG   ] discord.gateway: For Shard ID None: WebSocket Event: {'t': None, 's': None, 'op': 11, 'd': None}
[2026-08-20 14:17:16] [DEBUG   ] discord.gateway: Keeping shard ID None websocket alive with sequence 3.
[2026-08-20 14:17:16] [DEBUG   ] discord.gateway: For Shard ID None: WebSocket Event: {'t': None, 's': None, 'op': 11, 'd': None}
[2026-08-20 14:17:57] [DEBUG   ] discord.gateway: Keeping shard ID None websocket alive with sequence 3.
[2026-08-20 14:17:57] [DEBUG   ] discord.gateway: For Shard ID None: WebSocket Event: {'t': None, 's': None, 'op': 11, 'd': None}
[2026-08-20 14:18:38] [DEBUG   ] discord.gateway: Keeping shard ID None websocket alive with sequence 3.
[2026-08-20 14:18:38] [DEBUG   ] discord.gateway: For Shard ID None: WebSocket Event: {'t': None, 's': None, 'op': 11, 'd': None}
[2026-08-20 14:19:19] [DEBUG   ] discord.gateway: Keeping shard ID None websocket alive with sequence 3.
[2026-08-20 14:19:19] [DEBUG   ] discord.gateway: For Shard ID None: WebSocket Event: {'t': None, 's': None, 'op': 11, 'd': None}
[2026-08-20 14:20:01] [DEBUG   ] discord.gateway: Keeping shard ID None websocket alive with sequence 3.
[2026-08-20 14:20:01] [DEBUG   ] discord.gateway: For Shard ID None: WebSocket Event: {'t': None, 's': None, 'op': 11, 'd': None}
[2026-08-20 14:20:42] [DEBUG   ] discord.gateway: Keeping shard ID None websocket alive with sequence 3.
[2026-08-20 14:20:42] [DEBUG   ] discord.gateway: For Shard ID None: WebSocket Event: {'t': None, 's': None, 'op': 11, 'd': None}
[2026-08-20 14:21:23] [DEBUG   ] discord.gateway: Keeping shard ID None websocket alive with sequence 3.
[2026-08-20 14:21:23] [DEBUG   ] discord.gateway: For Shard ID None: WebSocket Event: {'t': None, 's': None, 'op': 11, 'd': None}
[2026-08-20 14:21:41] [DEBUG   ] discord.gateway: For Shard ID None: WebSocket Event: {'t': None, 's': None, 'op': 7, 'd': None}
[2026-08-20 14:21:41] [DEBUG   ] discord.gateway: Received RECONNECT opcode.
[2026-08-20 14:21:41] [DEBUG   ] discord.client: Got a request to RESUME the websocket.
[2026-08-20 14:21:41] [DEBUG   ] discord.client: Dispatching event disconnect
[2026-08-20 14:21:41] [DEBUG   ] discord.gateway: Created websocket connected to wss://gateway-us-east1-b.discord.gg
[2026-08-20 14:21:41] [DEBUG   ] discord.gateway: For Shard ID None: WebSocket Event: {'t': None, 's': None, 'op': 10, 'd': {'heartbeat_interval': 41250, '_trace': ['["gateway-prd-arm-us-east1-b-gz3q",{"micros":0.0}]']}}
[2026-08-20 14:21:41] [DEBUG   ] discord.gateway: Shard ID None has sent the RESUME payload.
[2026-08-20 14:21:42] [DEBUG   ] discord.gateway: For Shard ID None: WebSocket Event: {'t': None, 's': None, 'op': 11, 'd': None}
[2026-08-20 14:21:42] [DEBUG   ] discord.gateway: For Shard ID None: WebSocket Event: {'t': 'RESUMED', 's': 4, 'op': 0, 'd': {'_trace': ['["gateway-prd-arm-us-east1-b-gz3q",{"micros":635,"calls":["id_created",{"micros":0,"calls":[]},"session_lookup_time",{"micros":271,"calls":[]},"session_lookup_finished",{"micros":10,"calls":[]},"sessions-prd-gcp-us-east1-b-55",{"micros":15}]}]']}}
[2026-08-20 14:21:42] [DEBUG   ] discord.client: Dispatching event socket_event_type
[2026-08-20 14:21:42] [INFO    ] discord.gateway: Shard ID None has successfully RESUMED session 85d98f524cc5f0dc8a124f6253f9dff0.
[2026-08-20 14:21:42] [DEBUG   ] discord.client: Dispatching event resumed
[2026-08-20 14:22:23] [DEBUG   ] discord.gateway: Keeping shard ID None websocket alive with sequence 4.
[2026-08-20 14:22:23] [DEBUG   ] discord.gateway: For Shard ID None: WebSocket Event: {'t': None, 's': None, 'op': 11, 'd': None}
[2026-08-20 14:23:04] [DEBUG   ] discord.gateway: Keeping shard ID None websocket alive with sequence 4.
[2026-08-20 14:23:04] [DEBUG   ] discord.gateway: For Shard ID None: WebSocket Event: {'t': None, 's': None, 'op': 11, 'd': None}
[2026-08-20 14:23:45] [DEBUG   ] discord.gateway: Keeping shard ID None websocket alive with sequence 4.
[2026-08-20 14:23:45] [DEBUG   ] discord.gateway: For Shard ID None: WebSocket Event: {'t': None, 's': None, 'op': 11, 'd': None}
[2026-08-20 14:24:26] [DEBUG   ] discord.gateway: Keeping shard ID None websocket alive with sequence 4.
[2026-08-20 14:24:27] [DEBUG   ] discord.gateway: For Shard ID None: WebSocket Event: {'t': None, 's': None, 'op': 11, 'd': None}
[2026-08-20 14:25:08] [DEBUG   ] discord.gateway: Keeping shard ID None websocket alive with sequence 4.
[2026-08-20 14:25:08] [DEBUG   ] discord.gateway: For Shard ID None: WebSocket Event: {'t': None, 's': None, 'op': 11, 'd': None}
[2026-08-20 14:25:49] [DEBUG   ] discord.gateway: Keeping shard ID None websocket alive with sequence 4.
[2026-08-20 14:25:49] [DEBUG   ] discord.gateway: For Shard ID None: WebSocket Event: {'t': None, 's': None, 'op': 11, 'd': None}
[2026-08-20 14:26:30] [DEBUG   ] discord.gateway: Keeping shard ID None websocket alive with sequence 4.
[2026-08-20 14:26:30] [DEBUG   ] discord.gateway: For Shard ID None: WebSocket Event: {'t': None, 's': None, 'op': 11, 'd': None}
[2026-08-20 14:27:12] [DEBUG   ] discord.gateway: Keeping shard ID None websocket alive with sequence 4.
[2026-08-20 14:27:12] [DEBUG   ] discord.gateway: For Shard ID None: WebSocket Event: {'t': None, 's': None, 'op': 11, 'd': None}
[2026-08-20 14:27:53] [DEBUG   ] discord.gateway: Keeping shard ID None websocket alive with sequence 4.
[2026-08-20 14:27:53] [DEBUG   ] discord.gateway: For Shard ID None: WebSocket Event: {'t': None, 's': None, 'op': 11, 'd': None}
[2026-08-20 14:28:34] [DEBUG   ] discord.gateway: Keeping shard ID None websocket alive with sequence 4.
[2026-08-20 14:28:34] [DEBUG   ] discord.gateway: For Shard ID None: WebSocket Event: {'t': None, 's': None, 'op': 11, 'd': None}
[2026-08-20 14:29:15] [DEBUG   ] discord.gateway: Keeping shard ID None websocket alive with sequence 4.
[2026-08-20 14:29:15] [DEBUG   ] discord.gateway: For Shard ID None: WebSocket Event: {'t': None, 's': None, 'op': 11, 'd': None}
[2026-08-20 14:29:57] [DEBUG   ] discord.gateway: Keeping shard ID None websocket alive with sequence 4.
[2026-08-20 14:29:57] [DEBUG   ] discord.gateway: For Shard ID None: WebSocket Event: {'t': None, 's': None, 'op': 11, 'd': None}
[2026-08-20 14:30:38] [DEBUG   ] discord.gateway: Keeping shard ID None websocket alive with sequence 4.
[2026-08-20 14:30:38] [DEBUG   ] discord.gateway: For Shard ID None: WebSocket Event: {'t': None, 's': None, 'op': 11, 'd': None}
[2026-08-20 14:31:19] [DEBUG   ] discord.gateway: Keeping shard ID None websocket alive with sequence 4.
[2026-08-20 14:31:19] [DEBUG   ] discord.gateway: For Shard ID None: WebSocket Event: {'t': None, 's': None, 'op': 11, 'd': None}
[2026-08-20 14:32:00] [DEBUG   ] discord.gateway: Keeping shard ID None websocket alive with sequence 4.
[2026-08-20 14:32:00] [DEBUG   ] discord.gateway: For Shard ID None: WebSocket Event: {'t': None, 's': None, 'op': 11, 'd': None}
[2026-08-20 14:32:42] [DEBUG   ] discord.gateway: Keeping shard ID None websocket alive with sequence 4.
[2026-08-20 14:32:42] [DEBUG   ] discord.gateway: For Shard ID None: WebSocket Event: {'t': None, 's': None, 'op': 11, 'd': None}
[2026-08-20 14:33:23] [DEBUG   ] discord.gateway: Keeping shard ID None websocket alive with sequence 4.
[2026-08-20 14:33:23] [DEBUG   ] discord.gateway: For Shard ID None: WebSocket Event: {'t': None, 's': None, 'op': 11, 'd': None}
[2026-08-20 14:34:04] [DEBUG   ] discord.gateway: Keeping shard ID None websocket alive with sequence 4.
[2026-08-20 14:34:04] [DEBUG   ] discord.gateway: For Shard ID None: WebSocket Event: {'t': None, 's': None, 'op': 11, 'd': None}
[2026-08-20 14:34:45] [DEBUG   ] discord.gateway: Keeping shard ID None websocket alive with sequence 4.
[2026-08-20 14:34:45] [DEBUG   ] discord.gateway: For Shard ID None: WebSocket Event: {'t': None, 's': None, 'op': 11, 'd': None}
[2026-08-20 14:35:27] [DEBUG   ] discord.gateway: Keeping shard ID None websocket alive with sequence 4.
[2026-08-20 14:35:27] [DEBUG   ] discord.gateway: For Shard ID None: WebSocket Event: {'t': None, 's': None, 'op': 11, 'd': None}
[2026-08-20 14:36:08] [DEBUG   ] discord.gateway: Keeping shard ID None websocket alive with sequence 4.
[2026-08-20 14:36:08] [DEBUG   ] discord.gateway: For Shard ID None: WebSocket Event: {'t': None, 's': None, 'op': 11, 'd': None}
[2026-08-20 14:36:49] [DEBUG   ] discord.gateway: Keeping shard ID None websocket alive with sequence 4.
[2026-08-20 14:36:49] [DEBUG   ] discord.gateway: For Shard ID None: WebSocket Event: {'t': None, 's': None, 'op': 11, 'd': None}
[2026-08-20 14:37:30] [DEBUG   ] discord.gateway: Keeping shard ID None websocket alive with sequence 4.
[2026-08-20 14:37:30] [DEBUG   ] discord.gateway: For Shard ID None: WebSocket Event: {'t': None, 's': None, 'op': 11, 'd': None}
[2026-08-20 14:38:12] [DEBUG   ] discord.gateway: Keeping shard ID None websocket alive with sequence 4.
[2026-08-20 14:38:12] [DEBUG   ] discord.gateway: For Shard ID None: WebSocket Event: {'t': None, 's': None, 'op': 11, 'd': None}
[2026-08-20 14:38:53] [DEBUG   ] discord.gateway: Keeping shard ID None websocket alive with sequence 4.
[2026-08-20 14:38:53] [DEBUG   ] discord.gateway: For Shard ID None: WebSocket Event: {'t': None, 's': None, 'op': 11, 'd': None}
[2026-08-20 14:39:34] [DEBUG   ] discord.gateway: Keeping shard ID None websocket alive with sequence 4.
[2026-08-20 14:39:34] [DEBUG   ] discord.gateway: For Shard ID None: WebSocket Event: {'t': None, 's': None, 'op': 11, 'd': None}
[2026-08-20 14:39:54] [DEBUG   ] discord.gateway: Received WSMessage(type=<WSMsgType.CLOSED: 257>, data=None, extra=None)
[2026-08-20 14:39:54] [DEBUG   ] discord.gateway: Websocket closed with 1006, attempting a reconnect.
[2026-08-20 14:39:54] [DEBUG   ] discord.client: Got a request to RESUME the websocket.
[2026-08-20 14:39:54] [DEBUG   ] discord.client: Dispatching event disconnect
[2026-08-20 14:39:54] [DEBUG   ] discord.gateway: Created websocket connected to wss://gateway-us-east1-b.discord.gg
[2026-08-20 14:39:54] [DEBUG   ] discord.gateway: For Shard ID None: WebSocket Event: {'t': None, 's': None, 'op': 10, 'd': {'heartbeat_interval': 41250, '_trace': ['["gateway-prd-arm-us-east1-b-dl82",{"micros":0.0}]']}}
[2026-08-20 14:39:54] [DEBUG   ] discord.gateway: Shard ID None has sent the RESUME payload.
[2026-08-20 14:39:54] [DEBUG   ] discord.gateway: For Shard ID None: WebSocket Event: {'t': None, 's': None, 'op': 11, 'd': None}
[2026-08-20 14:39:54] [DEBUG   ] discord.gateway: For Shard ID None: WebSocket Event: {'t': 'RESUMED', 's': 5, 'op': 0, 'd': {'_trace': ['["gateway-prd-arm-us-east1-b-dl82",{"micros":3072,"calls":["id_created",{"micros":0,"calls":[]},"session_lookup_time",{"micros":471,"calls":[]},"session_lookup_finished",{"micros":11,"calls":[]},"sessions-prd-gcp-us-east1-b-55",{"micros":15}]}]']}}
[2026-08-20 14:39:54] [DEBUG   ] discord.client: Dispatching event socket_event_type
[2026-08-20 14:39:54] [INFO    ] discord.gateway: Shard ID None has successfully RESUMED session 85d98f524cc5f0dc8a124f6253f9dff0.
[2026-08-20 14:39:54] [DEBUG   ] discord.client: Dispatching event resumed
[2026-08-20 14:40:35] [DEBUG   ] discord.gateway: Keeping shard ID None websocket alive with sequence 5.
[2026-08-20 14:40:35] [DEBUG   ] discord.gateway: For Shard ID None: WebSocket Event: {'t': None, 's': None, 'op': 11, 'd': None}
[2026-08-20 14:41:16] [DEBUG   ] discord.gateway: Keeping shard ID None websocket alive with sequence 5.
[2026-08-20 14:41:16] [DEBUG   ] discord.gateway: For Shard ID None: WebSocket Event: {'t': None, 's': None, 'op': 11, 'd': None}
[2026-08-20 14:41:58] [DEBUG   ] discord.gateway: Keeping shard ID None websocket alive with sequence 5.
[2026-08-20 14:41:58] [DEBUG   ] discord.gateway: For Shard ID None: WebSocket Event: {'t': None, 's': None, 'op': 11, 'd': None}
[2026-08-20 14:42:39] [DEBUG   ] discord.gateway: Keeping shard ID None websocket alive with sequence 5.
[2026-08-20 14:42:39] [DEBUG   ] discord.gateway: For Shard ID None: WebSocket Event: {'t': None, 's': None, 'op': 11, 'd': None}
[2026-08-20 14:43:20] [DEBUG   ] discord.gateway: Keeping shard ID None websocket alive with sequence 5.
[2026-08-20 14:43:20] [DEBUG   ] discord.gateway: For Shard ID None: WebSocket Event: {'t': None, 's': None, 'op': 11, 'd': None}
[2026-08-20 14:44:01] [DEBUG   ] discord.gateway: Keeping shard ID None websocket alive with sequence 5.
[2026-08-20 14:44:02] [DEBUG   ] discord.gateway: For Shard ID None: WebSocket Event: {'t': None, 's': None, 'op': 11, 'd': None}
[2026-08-20 14:44:43] [DEBUG   ] discord.gateway: Keeping shard ID None websocket alive with sequence 5.
[2026-08-20 14:44:43] [DEBUG   ] discord.gateway: For Shard ID None: WebSocket Event: {'t': None, 's': None, 'op': 11, 'd': None}
[2026-08-20 14:45:24] [DEBUG   ] discord.gateway: Keeping shard ID None websocket alive with sequence 5.
[2026-08-20 14:45:24] [DEBUG   ] discord.gateway: For Shard ID None: WebSocket Event: {'t': None, 's': None, 'op': 11, 'd': None}
[2026-08-20 14:46:05] [DEBUG   ] discord.gateway: Keeping shard ID None websocket alive with sequence 5.
[2026-08-20 14:46:05] [DEBUG   ] discord.gateway: For Shard ID None: WebSocket Event: {'t': None, 's': None, 'op': 11, 'd': None}
[2026-08-20 14:46:47] [DEBUG   ] discord.gateway: Keeping shard ID None websocket alive with sequence 5.
[2026-08-20 14:46:47] [DEBUG   ] discord.gateway: For Shard ID None: WebSocket Event: {'t': None, 's': None, 'op': 11, 'd': None}
[2026-08-20 14:47:28] [DEBUG   ] discord.gateway: Keeping shard ID None websocket alive with sequence 5.
[2026-08-20 14:47:28] [DEBUG   ] discord.gateway: For Shard ID None: WebSocket Event: {'t': None, 's': None, 'op': 11, 'd': None}
[2026-08-20 14:48:09] [DEBUG   ] discord.gateway: Keeping shard ID None websocket alive with sequence 5.
[2026-08-20 14:48:09] [DEBUG   ] discord.gateway: For Shard ID None: WebSocket Event: {'t': None, 's': None, 'op': 11, 'd': None}
[2026-08-20 14:48:50] [DEBUG   ] discord.gateway: Keeping shard ID None websocket alive with sequence 5.
[2026-08-20 14:48:50] [DEBUG   ] discord.gateway: For Shard ID None: WebSocket Event: {'t': None, 's': None, 'op': 11, 'd': None}
[2026-08-20 14:49:32] [DEBUG   ] discord.gateway: Keeping shard ID None websocket alive with sequence 5.
[2026-08-20 14:49:32] [DEBUG   ] discord.gateway: For Shard ID None: WebSocket Event: {'t': None, 's': None, 'op': 11, 'd': None}
[2026-08-20 14:50:13] [DEBUG   ] discord.gateway: Keeping shard ID None websocket alive with sequence 5.
[2026-08-20 14:50:13] [DEBUG   ] discord.gateway: For Shard ID None: WebSocket Event: {'t': None, 's': None, 'op': 11, 'd': None}
[2026-08-20 14:50:54] [DEBUG   ] discord.gateway: Keeping shard ID None websocket alive with sequence 5.
[2026-08-20 14:50:54] [DEBUG   ] discord.gateway: For Shard ID None: WebSocket Event: {'t': None, 's': None, 'op': 11, 'd': None}
[2026-08-20 14:51:35] [DEBUG   ] discord.gateway: Keeping shard ID None websocket alive with sequence 5.
[2026-08-20 14:51:36] [DEBUG   ] discord.gateway: For Shard ID None: WebSocket Event: {'t': None, 's': None, 'op': 11, 'd': None}
[2026-08-20 14:52:17] [DEBUG   ] discord.gateway: Keeping shard ID None websocket alive with sequence 5.
[2026-08-20 14:52:17] [DEBUG   ] discord.gateway: For Shard ID None: WebSocket Event: {'t': None, 's': None, 'op': 11, 'd': None}
[2026-08-20 14:52:58] [DEBUG   ] discord.gateway: Keeping shard ID None websocket alive with sequence 5.
[2026-08-20 14:52:58] [DEBUG   ] discord.gateway: For Shard ID None: WebSocket Event: {'t': None, 's': None, 'op': 11, 'd': None}
[2026-08-20 14:53:39] [DEBUG   ] discord.gateway: Keeping shard ID None websocket alive with sequence 5.
[2026-08-20 14:53:39] [DEBUG   ] discord.gateway: For Shard ID None: WebSocket Event: {'t': None, 's': None, 'op': 11, 'd': None}
[2026-08-20 14:54:20] [DEBUG   ] discord.gateway: Keeping shard ID None websocket alive with sequence 5.
[2026-08-20 14:54:20] [DEBUG   ] discord.gateway: For Shard ID None: WebSocket Event: {'t': None, 's': None, 'op': 11, 'd': None}
[2026-08-20 14:55:02] [DEBUG   ] discord.gateway: Keeping shard ID None websocket alive with sequence 5.
[2026-08-20 14:55:02] [DEBUG   ] discord.gateway: For Shard ID None: WebSocket Event: {'t': None, 's': None, 'op': 11, 'd': None}
[2026-08-20 14:55:43] [DEBUG   ] discord.gateway: Keeping shard ID None websocket alive with sequence 5.
[2026-08-20 14:55:43] [DEBUG   ] discord.gateway: For Shard ID None: WebSocket Event: {'t': None, 's': None, 'op': 11, 'd': None}
[2026-08-20 14:56:24] [DEBUG   ] discord.gateway: Keeping shard ID None websocket alive with sequence 5.
[2026-08-20 14:56:24] [DEBUG   ] discord.gateway: For Shard ID None: WebSocket Event: {'t': None, 's': None, 'op': 11, 'd': None}
[2026-08-20 14:57:05] [DEBUG   ] discord.gateway: Keeping shard ID None websocket alive with sequence 5.
[2026-08-20 14:57:05] [DEBUG   ] discord.gateway: For Shard ID None: WebSocket Event: {'t': None, 's': None, 'op': 11, 'd': None}
[2026-08-20 14:57:47] [DEBUG   ] discord.gateway: Keeping shard ID None websocket alive with sequence 5.
[2026-08-20 14:57:47] [DEBUG   ] discord.gateway: For Shard ID None: WebSocket Event: {'t': None, 's': None, 'op': 11, 'd': None}
[2026-08-20 14:58:28] [DEBUG   ] discord.gateway: Keeping shard ID None websocket alive with sequence 5.
[2026-08-20 14:58:28] [DEBUG   ] discord.gateway: For Shard ID None: WebSocket Event: {'t': None, 's': None, 'op': 11, 'd': None}
[2026-08-20 14:59:09] [DEBUG   ] discord.gateway: Keeping shard ID None websocket alive with sequence 5.
[2026-08-20 14:59:09] [DEBUG   ] discord.gateway: For Shard ID None: WebSocket Event: {'t': None, 's': None, 'op': 11, 'd': None}
[2026-08-20 14:59:50] [DEBUG   ] discord.gateway: Keeping shard ID None websocket alive with sequence 5.
[2026-08-20 14:59:50] [DEBUG   ] discord.gateway: For Shard ID None: WebSocket Event: {'t': None, 's': None, 'op': 11, 'd': None}
[2026-08-20 15:00:32] [DEBUG   ] discord.gateway: Keeping shard ID None websocket alive with sequence 5.
[2026-08-20 15:00:32] [DEBUG   ] discord.gateway: For Shard ID None: WebSocket Event: {'t': None, 's': None, 'op': 11, 'd': None}
[2026-08-20 15:01:13] [DEBUG   ] discord.gateway: Keeping shard ID None websocket alive with sequence 5.
[2026-08-20 15:01:13] [DEBUG   ] discord.gateway: For Shard ID None: WebSocket Event: {'t': None, 's': None, 'op': 11, 'd': None}
[2026-08-20 15:01:54] [DEBUG   ] discord.gateway: Keeping shard ID None websocket alive with sequence 5.
[2026-08-20 15:01:54] [DEBUG   ] discord.gateway: For Shard ID None: WebSocket Event: {'t': None, 's': None, 'op': 11, 'd': None}
[2026-08-20 15:02:35] [DEBUG   ] discord.gateway: Keeping shard ID None websocket alive with sequence 5.
[2026-08-20 15:02:36] [DEBUG   ] discord.gateway: For Shard ID None: WebSocket Event: {'t': None, 's': None, 'op': 11, 'd': None}
[2026-08-20 15:03:17] [DEBUG   ] discord.gateway: Keeping shard ID None websocket alive with sequence 5.
[2026-08-20 15:03:17] [DEBUG   ] discord.gateway: For Shard ID None: WebSocket Event: {'t': None, 's': None, 'op': 11, 'd': None}
[2026-08-20 15:03:58] [DEBUG   ] discord.gateway: Keeping shard ID None websocket alive with sequence 5.
[2026-08-20 15:03:58] [DEBUG   ] discord.gateway: For Shard ID None: WebSocket Event: {'t': None, 's': None, 'op': 11, 'd': None}
[2026-08-20 15:04:39] [DEBUG   ] discord.gateway: Keeping shard ID None websocket alive with sequence 5.
[2026-08-20 15:04:39] [DEBUG   ] discord.gateway: For Shard ID None: WebSocket Event: {'t': None, 's': None, 'op': 11, 'd': None}
[2026-08-20 15:05:21] [DEBUG   ] discord.gateway: Keeping shard ID None websocket alive with sequence 5.
[2026-08-20 15:05:21] [DEBUG   ] discord.gateway: For Shard ID None: WebSocket Event: {'t': None, 's': None, 'op': 11, 'd': None}
[2026-08-20 15:06:02] [DEBUG   ] discord.gateway: Keeping shard ID None websocket alive with sequence 5.
[2026-08-20 15:06:02] [DEBUG   ] discord.gateway: For Shard ID None: WebSocket Event: {'t': None, 's': None, 'op': 11, 'd': None}
[2026-08-20 15:06:43] [DEBUG   ] discord.gateway: Keeping shard ID None websocket alive with sequence 5.
[2026-08-20 15:06:43] [DEBUG   ] discord.gateway: For Shard ID None: WebSocket Event: {'t': None, 's': None, 'op': 11, 'd': None}
[2026-08-20 15:07:24] [DEBUG   ] discord.gateway: Keeping shard ID None websocket alive with sequence 5.
[2026-08-20 15:07:24] [DEBUG   ] discord.gateway: For Shard ID None: WebSocket Event: {'t': None, 's': None, 'op': 11, 'd': None}
[2026-08-20 15:08:06] [DEBUG   ] discord.gateway: Keeping shard ID None websocket alive with sequence 5.
[2026-08-20 15:08:06] [DEBUG   ] discord.gateway: For Shard ID None: WebSocket Event: {'t': None, 's': None, 'op': 11, 'd': None}
[2026-08-20 15:08:47] [DEBUG   ] discord.gateway: Keeping shard ID None websocket alive with sequence 5.
[2026-08-20 15:08:47] [DEBUG   ] discord.gateway: For Shard ID None: WebSocket Event: {'t': None, 's': None, 'op': 11, 'd': None}
[2026-08-20 15:09:28] [DEBUG   ] discord.gateway: Keeping shard ID None websocket alive with sequence 5.
[2026-08-20 15:09:28] [DEBUG   ] discord.gateway: For Shard ID None: WebSocket Event: {'t': None, 's': None, 'op': 11, 'd': None}
[2026-08-20 15:10:09] [DEBUG   ] discord.gateway: Keeping shard ID None websocket alive with sequence 5.
[2026-08-20 15:10:09] [DEBUG   ] discord.gateway: For Shard ID None: WebSocket Event: {'t': None, 's': None, 'op': 11, 'd': None}
[2026-08-20 15:10:51] [DEBUG   ] discord.gateway: Keeping shard ID None websocket alive with sequence 5.
[2026-08-20 15:10:51] [DEBUG   ] discord.gateway: For Shard ID None: WebSocket Event: {'t': None, 's': None, 'op': 11, 'd': None}
[2026-08-20 15:11:32] [DEBUG   ] discord.gateway: Keeping shard ID None websocket alive with sequence 5.
[2026-08-20 15:11:32] [DEBUG   ] discord.gateway: For Shard ID None: WebSocket Event: {'t': None, 's': None, 'op': 11, 'd': None}
[2026-08-20 15:12:13] [DEBUG   ] discord.gateway: Keeping shard ID None websocket alive with sequence 5.
[2026-08-20 15:12:13] [DEBUG   ] discord.gateway: For Shard ID None: WebSocket Event: {'t': None, 's': None, 'op': 11, 'd': None}
[2026-08-20 15:12:54] [DEBUG   ] discord.gateway: Keeping shard ID None websocket alive with sequence 5.
[2026-08-20 15:12:54] [DEBUG   ] discord.gateway: For Shard ID None: WebSocket Event: {'t': None, 's': None, 'op': 11, 'd': None}
[2026-08-20 15:13:36] [DEBUG   ] discord.gateway: Keeping shard ID None websocket alive with sequence 5.
[2026-08-20 15:13:36] [DEBUG   ] discord.gateway: For Shard ID None: WebSocket Event: {'t': None, 's': None, 'op': 11, 'd': None}
[2026-08-20 15:14:17] [DEBUG   ] discord.gateway: Keeping shard ID None websocket alive with sequence 5.
[2026-08-20 15:14:17] [DEBUG   ] discord.gateway: For Shard ID None: WebSocket Event: {'t': None, 's': None, 'op': 11, 'd': None}
[2026-08-20 15:14:58] [DEBUG   ] discord.gateway: Keeping shard ID None websocket alive with sequence 5.
[2026-08-20 15:14:58] [DEBUG   ] discord.gateway: For Shard ID None: WebSocket Event: {'t': None, 's': None, 'op': 11, 'd': None}
[2026-08-20 15:15:39] [DEBUG   ] discord.gateway: Keeping shard ID None websocket alive with sequence 5.
[2026-08-20 15:15:39] [DEBUG   ] discord.gateway: For Shard ID None: WebSocket Event: {'t': None, 's': None, 'op': 11, 'd': None}
[2026-08-20 15:16:21] [DEBUG   ] discord.gateway: Keeping shard ID None websocket alive with sequence 5.
[2026-08-20 15:16:21] [DEBUG   ] discord.gateway: For Shard ID None: WebSocket Event: {'t': None, 's': None, 'op': 11, 'd': None}
[2026-08-20 15:17:02] [DEBUG   ] discord.gateway: Keeping shard ID None websocket alive with sequence 5.
[2026-08-20 15:17:02] [DEBUG   ] discord.gateway: For Shard ID None: WebSocket Event: {'t': None, 's': None, 'op': 11, 'd': None}
[2026-08-20 15:17:43] [DEBUG   ] discord.gateway: Keeping shard ID None websocket alive with sequence 5.
[2026-08-20 15:17:43] [DEBUG   ] discord.gateway: For Shard ID None: WebSocket Event: {'t': None, 's': None, 'op': 11, 'd': None}
[2026-08-20 15:18:24] [DEBUG   ] discord.gateway: Keeping shard ID None websocket alive with sequence 5.
[2026-08-20 15:18:25] [DEBUG   ] discord.gateway: For Shard ID None: WebSocket Event: {'t': None, 's': None, 'op': 11, 'd': None}
[2026-08-20 15:19:06] [DEBUG   ] discord.gateway: Keeping shard ID None websocket alive with sequence 5.
[2026-08-20 15:19:06] [DEBUG   ] discord.gateway: For Shard ID None: WebSocket Event: {'t': None, 's': None, 'op': 11, 'd': None}
[2026-08-20 15:19:47] [DEBUG   ] discord.gateway: Keeping shard ID None websocket alive with sequence 5.
[2026-08-20 15:19:47] [DEBUG   ] discord.gateway: For Shard ID None: WebSocket Event: {'t': None, 's': None, 'op': 11, 'd': None}
[2026-08-20 15:20:28] [DEBUG   ] discord.gateway: Keeping shard ID None websocket alive with sequence 5.
[2026-08-20 15:20:28] [DEBUG   ] discord.gateway: For Shard ID None: WebSocket Event: {'t': None, 's': None, 'op': 11, 'd': None}
[2026-08-20 15:21:09] [DEBUG   ] discord.gateway: Keeping shard ID None websocket alive with sequence 5.
[2026-08-20 15:21:10] [DEBUG   ] discord.gateway: For Shard ID None: WebSocket Event: {'t': None, 's': None, 'op': 11, 'd': None}
[2026-08-20 15:21:51] [DEBUG   ] discord.gateway: Keeping shard ID None websocket alive with sequence 5.
[2026-08-20 15:21:51] [DEBUG   ] discord.gateway: For Shard ID None: WebSocket Event: {'t': None, 's': None, 'op': 11, 'd': None}
[2026-08-20 15:22:32] [DEBUG   ] discord.gateway: Keeping shard ID None websocket alive with sequence 5.
[2026-08-20 15:22:32] [DEBUG   ] discord.gateway: For Shard ID None: WebSocket Event: {'t': None, 's': None, 'op': 11, 'd': None}
[2026-08-20 15:23:13] [DEBUG   ] discord.gateway: Keeping shard ID None websocket alive with sequence 5.
[2026-08-20 15:23:13] [DEBUG   ] discord.gateway: For Shard ID None: WebSocket Event: {'t': None, 's': None, 'op': 11, 'd': None}
[2026-08-20 15:23:55] [DEBUG   ] discord.gateway: Keeping shard ID None websocket alive with sequence 5.
[2026-08-20 15:23:55] [DEBUG   ] discord.gateway: For Shard ID None: WebSocket Event: {'t': None, 's': None, 'op': 11, 'd': None}
[2026-08-20 15:24:36] [DEBUG   ] discord.gateway: Keeping shard ID None websocket alive with sequence 5.
[2026-08-20 15:24:36] [DEBUG   ] discord.gateway: For Shard ID None: WebSocket Event: {'t': None, 's': None, 'op': 11, 'd': None}
[2026-08-20 15:25:17] [DEBUG   ] discord.gateway: Keeping shard ID None websocket alive with sequence 5.
[2026-08-20 15:25:17] [DEBUG   ] discord.gateway: For Shard ID None: WebSocket Event: {'t': None, 's': None, 'op': 11, 'd': None}
[2026-08-20 15:25:58] [DEBUG   ] discord.gateway: Keeping shard ID None websocket alive with sequence 5.
[2026-08-20 15:25:58] [DEBUG   ] discord.gateway: For Shard ID None: WebSocket Event: {'t': None, 's': None, 'op': 11, 'd': None}
[2026-08-20 15:26:40] [DEBUG   ] discord.gateway: Keeping shard ID None websocket alive with sequence 5.
[2026-08-20 15:26:40] [DEBUG   ] discord.gateway: For Shard ID None: WebSocket Event: {'t': None, 's': None, 'op': 11, 'd': None}
[2026-08-20 15:27:21] [DEBUG   ] discord.gateway: Keeping shard ID None websocket alive with sequence 5.
[2026-08-20 15:27:21] [DEBUG   ] discord.gateway: For Shard ID None: WebSocket Event: {'t': None, 's': None, 'op': 11, 'd': None}
[2026-08-20 15:28:02] [DEBUG   ] discord.gateway: Keeping shard ID None websocket alive with sequence 5.
[2026-08-20 15:28:02] [DEBUG   ] discord.gateway: For Shard ID None: WebSocket Event: {'t': None, 's': None, 'op': 11, 'd': None}
[2026-08-20 15:28:43] [DEBUG   ] discord.gateway: Keeping shard ID None websocket alive with sequence 5.
[2026-08-20 15:28:43] [DEBUG   ] discord.gateway: For Shard ID None: WebSocket Event: {'t': None, 's': None, 'op': 11, 'd': None}
[2026-08-20 15:29:25] [DEBUG   ] discord.gateway: Keeping shard ID None websocket alive with sequence 5.
[2026-08-20 15:29:25] [DEBUG   ] discord.gateway: For Shard ID None: WebSocket Event: {'t': None, 's': None, 'op': 11, 'd': None}
[2026-08-20 15:30:06] [DEBUG   ] discord.gateway: Keeping shard ID None websocket alive with sequence 5.
[2026-08-20 15:30:06] [DEBUG   ] discord.gateway: For Shard ID None: WebSocket Event: {'t': None, 's': None, 'op': 11, 'd': None}
[2026-08-20 15:30:47] [DEBUG   ] discord.gateway: Keeping shard ID None websocket alive with sequence 5.
[2026-08-20 15:30:47] [DEBUG   ] discord.gateway: For Shard ID None: WebSocket Event: {'t': None, 's': None, 'op': 11, 'd': None}
[2026-08-20 15:31:28] [DEBUG   ] discord.gateway: Keeping shard ID None websocket alive with sequence 5.
[2026-08-20 15:31:28] [DEBUG   ] discord.gateway: For Shard ID None: WebSocket Event: {'t': None, 's': None, 'op': 11, 'd': None}
[2026-08-20 15:32:10] [DEBUG   ] discord.gateway: Keeping shard ID None websocket alive with sequence 5.
[2026-08-20 15:32:10] [DEBUG   ] discord.gateway: For Shard ID None: WebSocket Event: {'t': None, 's': None, 'op': 11, 'd': None}
[2026-08-20 15:32:51] [DEBUG   ] discord.gateway: Keeping shard ID None websocket alive with sequence 5.
[2026-08-20 15:32:51] [DEBUG   ] discord.gateway: For Shard ID None: WebSocket Event: {'t': None, 's': None, 'op': 11, 'd': None}
[2026-08-20 15:33:32] [DEBUG   ] discord.gateway: Keeping shard ID None websocket alive with sequence 5.
[2026-08-20 15:33:32] [DEBUG   ] discord.gateway: For Shard ID None: WebSocket Event: {'t': None, 's': None, 'op': 11, 'd': None}
[2026-08-20 15:34:13] [DEBUG   ] discord.gateway: Keeping shard ID None websocket alive with sequence 5.
[2026-08-20 15:34:13] [DEBUG   ] discord.gateway: For Shard ID None: WebSocket Event: {'t': None, 's': None, 'op': 11, 'd': None}
[2026-08-20 15:34:55] [DEBUG   ] discord.gateway: Keeping shard ID None websocket alive with sequence 5.
[2026-08-20 15:34:55] [DEBUG   ] discord.gateway: For Shard ID None: WebSocket Event: {'t': None, 's': None, 'op': 11, 'd': None}
[2026-08-20 15:35:36] [DEBUG   ] discord.gateway: Keeping shard ID None websocket alive with sequence 5.
[2026-08-20 15:35:36] [DEBUG   ] discord.gateway: For Shard ID None: WebSocket Event: {'t': None, 's': None, 'op': 11, 'd': None}
[2026-08-20 15:36:17] [DEBUG   ] discord.gateway: Keeping shard ID None websocket alive with sequence 5.
[2026-08-20 15:36:17] [DEBUG   ] discord.gateway: For Shard ID None: WebSocket Event: {'t': None, 's': None, 'op': 11, 'd': None}
[2026-08-20 15:36:58] [DEBUG   ] discord.gateway: Keeping shard ID None websocket alive with sequence 5.
[2026-08-20 15:36:58] [DEBUG   ] discord.gateway: For Shard ID None: WebSocket Event: {'t': None, 's': None, 'op': 11, 'd': None}
[2026-08-20 15:37:40] [DEBUG   ] discord.gateway: Keeping shard ID None websocket alive with sequence 5.
[2026-08-20 15:37:40] [DEBUG   ] discord.gateway: For Shard ID None: WebSocket Event: {'t': None, 's': None, 'op': 11, 'd': None}
[2026-08-20 15:38:21] [DEBUG   ] discord.gateway: Keeping shard ID None websocket alive with sequence 5.
[2026-08-20 15:38:21] [DEBUG   ] discord.gateway: For Shard ID None: WebSocket Event: {'t': None, 's': None, 'op': 11, 'd': None}
[2026-08-20 15:39:02] [DEBUG   ] discord.gateway: Keeping shard ID None websocket alive with sequence 5.
[2026-08-20 15:39:02] [DEBUG   ] discord.gateway: For Shard ID None: WebSocket Event: {'t': None, 's': None, 'op': 11, 'd': None}
[2026-08-20 15:39:43] [DEBUG   ] discord.gateway: Keeping shard ID None websocket alive with sequence 5.
[2026-08-20 15:39:44] [DEBUG   ] discord.gateway: For Shard ID None: WebSocket Event: {'t': None, 's': None, 'op': 11, 'd': None}
[2026-08-20 15:40:25] [DEBUG   ] discord.gateway: Keeping shard ID None websocket alive with sequence 5.
[2026-08-20 15:40:25] [DEBUG   ] discord.gateway: For Shard ID None: WebSocket Event: {'t': None, 's': None, 'op': 11, 'd': None}
[2026-08-20 15:41:06] [DEBUG   ] discord.gateway: Keeping shard ID None websocket alive with sequence 5.
[2026-08-20 15:41:06] [DEBUG   ] discord.gateway: For Shard ID None: WebSocket Event: {'t': None, 's': None, 'op': 11, 'd': None}
[2026-08-20 15:41:47] [DEBUG   ] discord.gateway: Keeping shard ID None websocket alive with sequence 5.
[2026-08-20 15:41:47] [DEBUG   ] discord.gateway: For Shard ID None: WebSocket Event: {'t': None, 's': None, 'op': 11, 'd': None}
[2026-08-20 15:42:29] [DEBUG   ] discord.gateway: Keeping shard ID None websocket alive with sequence 5.
[2026-08-20 15:42:29] [DEBUG   ] discord.gateway: For Shard ID None: WebSocket Event: {'t': None, 's': None, 'op': 11, 'd': None}
[2026-08-20 15:43:10] [DEBUG   ] discord.gateway: Keeping shard ID None websocket alive with sequence 5.
[2026-08-20 15:43:10] [DEBUG   ] discord.gateway: For Shard ID None: WebSocket Event: {'t': None, 's': None, 'op': 11, 'd': None}
[2026-08-20 15:43:51] [DEBUG   ] discord.gateway: Keeping shard ID None websocket alive with sequence 5.
[2026-08-20 15:43:51] [DEBUG   ] discord.gateway: For Shard ID None: WebSocket Event: {'t': None, 's': None, 'op': 11, 'd': None}
[2026-08-20 15:44:32] [DEBUG   ] discord.gateway: Keeping shard ID None websocket alive with sequence 5.
[2026-08-20 15:44:32] [DEBUG   ] discord.gateway: For Shard ID None: WebSocket Event: {'t': None, 's': None, 'op': 11, 'd': None}
[2026-08-20 15:45:14] [DEBUG   ] discord.gateway: Keeping shard ID None websocket alive with sequence 5.
[2026-08-20 15:45:14] [DEBUG   ] discord.gateway: For Shard ID None: WebSocket Event: {'t': None, 's': None, 'op': 11, 'd': None}
[2026-08-20 15:45:55] [DEBUG   ] discord.gateway: Keeping shard ID None websocket alive with sequence 5.
[2026-08-20 15:45:55] [DEBUG   ] discord.gateway: For Shard ID None: WebSocket Event: {'t': None, 's': None, 'op': 11, 'd': None}
[2026-08-20 15:46:36] [DEBUG   ] discord.gateway: Keeping shard ID None websocket alive with sequence 5.
[2026-08-20 15:46:36] [DEBUG   ] discord.gateway: For Shard ID None: WebSocket Event: {'t': None, 's': None, 'op': 11, 'd': None}
[2026-08-20 15:47:17] [DEBUG   ] discord.gateway: Keeping shard ID None websocket alive with sequence 5.
[2026-08-20 15:47:17] [DEBUG   ] discord.gateway: For Shard ID None: WebSocket Event: {'t': None, 's': None, 'op': 11, 'd': None}
[2026-08-20 15:47:59] [DEBUG   ] discord.gateway: Keeping shard ID None websocket alive with sequence 5.
[2026-08-20 15:47:59] [DEBUG   ] discord.gateway: For Shard ID None: WebSocket Event: {'t': None, 's': None, 'op': 11, 'd': None}
[2026-08-20 15:48:15] [DEBUG   ] discord.gateway: Received WSMessage(type=<WSMsgType.CLOSED: 257>, data=None, extra=None)
[2026-08-20 15:48:15] [DEBUG   ] discord.gateway: Websocket closed with 1006, attempting a reconnect.
[2026-08-20 15:48:15] [DEBUG   ] discord.client: Got a request to RESUME the websocket.
[2026-08-20 15:48:15] [DEBUG   ] discord.client: Dispatching event disconnect
[2026-08-20 15:48:15] [DEBUG   ] discord.gateway: Created websocket connected to wss://gateway-us-east1-b.discord.gg
[2026-08-20 15:48:15] [DEBUG   ] discord.gateway: For Shard ID None: WebSocket Event: {'t': None, 's': None, 'op': 10, 'd': {'heartbeat_interval': 41250, '_trace': ['["gateway-prd-arm-us-east1-b-fr3q",{"micros":0.0}]']}}
[2026-08-20 15:48:15] [DEBUG   ] discord.gateway: Shard ID None has sent the RESUME payload.
[2026-08-20 15:48:15] [DEBUG   ] discord.gateway: For Shard ID None: WebSocket Event: {'t': None, 's': None, 'op': 11, 'd': None}
[2026-08-20 15:48:15] [DEBUG   ] discord.gateway: For Shard ID None: WebSocket Event: {'t': 'RESUMED', 's': 6, 'op': 0, 'd': {'_trace': ['["gateway-prd-arm-us-east1-b-fr3q",{"micros":526,"calls":["id_created",{"micros":0,"calls":[]},"session_lookup_time",{"micros":238,"calls":[]},"session_lookup_finished",{"micros":11,"calls":[]},"sessions-prd-gcp-us-east1-b-55",{"micros":15}]}]']}}
[2026-08-20 15:48:15] [DEBUG   ] discord.client: Dispatching event socket_event_type
[2026-08-20 15:48:15] [INFO    ] discord.gateway: Shard ID None has successfully RESUMED session 85d98f524cc5f0dc8a124f6253f9dff0.
[2026-08-20 15:48:15] [DEBUG   ] discord.client: Dispatching event resumed
[2026-08-20 15:48:56] [DEBUG   ] discord.gateway: Keeping shard ID None websocket alive with sequence 6.
[2026-08-20 15:48:56] [DEBUG   ] discord.gateway: For Shard ID None: WebSocket Event: {'t': None, 's': None, 'op': 11, 'd': None}
[2026-08-20 15:49:38] [DEBUG   ] discord.gateway: Keeping shard ID None websocket alive with sequence 6.
[2026-08-20 15:49:38] [DEBUG   ] discord.gateway: For Shard ID None: WebSocket Event: {'t': None, 's': None, 'op': 11, 'd': None}
[2026-08-20 15:50:19] [DEBUG   ] discord.gateway: Keeping shard ID None websocket alive with sequence 6.
[2026-08-20 15:50:19] [DEBUG   ] discord.gateway: For Shard ID None: WebSocket Event: {'t': None, 's': None, 'op': 11, 'd': None}
[2026-08-20 15:51:00] [DEBUG   ] discord.gateway: Keeping shard ID None websocket alive with sequence 6.
[2026-08-20 15:51:00] [DEBUG   ] discord.gateway: For Shard ID None: WebSocket Event: {'t': None, 's': None, 'op': 11, 'd': None}
[2026-08-20 15:51:41] [DEBUG   ] discord.gateway: Keeping shard ID None websocket alive with sequence 6.
[2026-08-20 15:51:41] [DEBUG   ] discord.gateway: For Shard ID None: WebSocket Event: {'t': None, 's': None, 'op': 11, 'd': None}
[2026-08-20 15:52:23] [DEBUG   ] discord.gateway: Keeping shard ID None websocket alive with sequence 6.
[2026-08-20 15:52:23] [DEBUG   ] discord.gateway: For Shard ID None: WebSocket Event: {'t': None, 's': None, 'op': 11, 'd': None}
[2026-08-20 15:53:04] [DEBUG   ] discord.gateway: Keeping shard ID None websocket alive with sequence 6.
[2026-08-20 15:53:04] [DEBUG   ] discord.gateway: For Shard ID None: WebSocket Event: {'t': None, 's': None, 'op': 11, 'd': None}
[2026-08-20 15:53:45] [DEBUG   ] discord.gateway: Keeping shard ID None websocket alive with sequence 6.
[2026-08-20 15:53:45] [DEBUG   ] discord.gateway: For Shard ID None: WebSocket Event: {'t': None, 's': None, 'op': 11, 'd': None}
[2026-08-20 15:54:26] [DEBUG   ] discord.gateway: Keeping shard ID None websocket alive with sequence 6.
[2026-08-20 15:54:26] [DEBUG   ] discord.gateway: For Shard ID None: WebSocket Event: {'t': None, 's': None, 'op': 11, 'd': None}
[2026-08-20 15:55:08] [DEBUG   ] discord.gateway: Keeping shard ID None websocket alive with sequence 6.
[2026-08-20 15:55:08] [DEBUG   ] discord.gateway: For Shard ID None: WebSocket Event: {'t': None, 's': None, 'op': 11, 'd': None}
[2026-08-20 15:55:49] [DEBUG   ] discord.gateway: Keeping shard ID None websocket alive with sequence 6.
[2026-08-20 15:55:49] [DEBUG   ] discord.gateway: For Shard ID None: WebSocket Event: {'t': None, 's': None, 'op': 11, 'd': None}
[2026-08-20 15:56:30] [DEBUG   ] discord.gateway: Keeping shard ID None websocket alive with sequence 6.
[2026-08-20 15:56:30] [DEBUG   ] discord.gateway: For Shard ID None: WebSocket Event: {'t': None, 's': None, 'op': 11, 'd': None}
[2026-08-20 15:57:11] [DEBUG   ] discord.gateway: Keeping shard ID None websocket alive with sequence 6.
[2026-08-20 15:57:12] [DEBUG   ] discord.gateway: For Shard ID None: WebSocket Event: {'t': None, 's': None, 'op': 11, 'd': None}
[2026-08-20 15:57:53] [DEBUG   ] discord.gateway: Keeping shard ID None websocket alive with sequence 6.
[2026-08-20 15:57:53] [DEBUG   ] discord.gateway: For Shard ID None: WebSocket Event: {'t': None, 's': None, 'op': 11, 'd': None}
[2026-08-20 15:58:34] [DEBUG   ] discord.gateway: Keeping shard ID None websocket alive with sequence 6.
[2026-08-20 15:58:34] [DEBUG   ] discord.gateway: For Shard ID None: WebSocket Event: {'t': None, 's': None, 'op': 11, 'd': None}
[2026-08-20 15:59:15] [DEBUG   ] discord.gateway: Keeping shard ID None websocket alive with sequence 6.
[2026-08-20 15:59:15] [DEBUG   ] discord.gateway: For Shard ID None: WebSocket Event: {'t': None, 's': None, 'op': 11, 'd': None}
[2026-08-20 15:59:56] [DEBUG   ] discord.gateway: Keeping shard ID None websocket alive with sequence 6.
[2026-08-20 15:59:57] [DEBUG   ] discord.gateway: For Shard ID None: WebSocket Event: {'t': None, 's': None, 'op': 11, 'd': None}
[2026-08-20 16:00:38] [DEBUG   ] discord.gateway: Keeping shard ID None websocket alive with sequence 6.
[2026-08-20 16:00:38] [DEBUG   ] discord.gateway: For Shard ID None: WebSocket Event: {'t': None, 's': None, 'op': 11, 'd': None}
[2026-08-20 16:01:19] [DEBUG   ] discord.gateway: Keeping shard ID None websocket alive with sequence 6.
[2026-08-20 16:01:19] [DEBUG   ] discord.gateway: For Shard ID None: WebSocket Event: {'t': None, 's': None, 'op': 11, 'd': None}
[2026-08-20 16:02:00] [DEBUG   ] discord.gateway: Keeping shard ID None websocket alive with sequence 6.
[2026-08-20 16:02:00] [DEBUG   ] discord.gateway: For Shard ID None: WebSocket Event: {'t': None, 's': None, 'op': 11, 'd': None}
[2026-08-20 16:02:42] [DEBUG   ] discord.gateway: Keeping shard ID None websocket alive with sequence 6.
[2026-08-20 16:02:42] [DEBUG   ] discord.gateway: For Shard ID None: WebSocket Event: {'t': None, 's': None, 'op': 11, 'd': None}
[2026-08-20 16:03:23] [DEBUG   ] discord.gateway: Keeping shard ID None websocket alive with sequence 6.
[2026-08-20 16:03:23] [DEBUG   ] discord.gateway: For Shard ID None: WebSocket Event: {'t': None, 's': None, 'op': 11, 'd': None}
[2026-08-20 16:04:04] [DEBUG   ] discord.gateway: Keeping shard ID None websocket alive with sequence 6.
[2026-08-20 16:04:04] [DEBUG   ] discord.gateway: For Shard ID None: WebSocket Event: {'t': None, 's': None, 'op': 11, 'd': None}
[2026-08-20 16:04:45] [DEBUG   ] discord.gateway: Keeping shard ID None websocket alive with sequence 6.
[2026-08-20 16:04:45] [DEBUG   ] discord.gateway: For Shard ID None: WebSocket Event: {'t': None, 's': None, 'op': 11, 'd': None}
[2026-08-20 16:05:27] [DEBUG   ] discord.gateway: Keeping shard ID None websocket alive with sequence 6.
[2026-08-20 16:05:27] [DEBUG   ] discord.gateway: For Shard ID None: WebSocket Event: {'t': None, 's': None, 'op': 11, 'd': None}
[2026-08-20 16:06:08] [DEBUG   ] discord.gateway: Keeping shard ID None websocket alive with sequence 6.
[2026-08-20 16:06:08] [DEBUG   ] discord.gateway: For Shard ID None: WebSocket Event: {'t': None, 's': None, 'op': 11, 'd': None}
[2026-08-20 16:06:49] [DEBUG   ] discord.gateway: Keeping shard ID None websocket alive with sequence 6.
[2026-08-20 16:06:49] [DEBUG   ] discord.gateway: For Shard ID None: WebSocket Event: {'t': None, 's': None, 'op': 11, 'd': None}
[2026-08-20 16:07:30] [DEBUG   ] discord.gateway: Keeping shard ID None websocket alive with sequence 6.
[2026-08-20 16:07:30] [DEBUG   ] discord.gateway: For Shard ID None: WebSocket Event: {'t': None, 's': None, 'op': 11, 'd': None}
[2026-08-20 16:08:12] [DEBUG   ] discord.gateway: Keeping shard ID None websocket alive with sequence 6.
[2026-08-20 16:08:12] [DEBUG   ] discord.gateway: For Shard ID None: WebSocket Event: {'t': None, 's': None, 'op': 11, 'd': None}
[2026-08-20 16:08:53] [DEBUG   ] discord.gateway: Keeping shard ID None websocket alive with sequence 6.
[2026-08-20 16:08:53] [DEBUG   ] discord.gateway: For Shard ID None: WebSocket Event: {'t': None, 's': None, 'op': 11, 'd': None}
[2026-08-20 16:09:34] [DEBUG   ] discord.gateway: Keeping shard ID None websocket alive with sequence 6.
[2026-08-20 16:09:34] [DEBUG   ] discord.gateway: For Shard ID None: WebSocket Event: {'t': None, 's': None, 'op': 11, 'd': None}
[2026-08-20 16:10:15] [DEBUG   ] discord.gateway: Keeping shard ID None websocket alive with sequence 6.
[2026-08-20 16:10:15] [DEBUG   ] discord.gateway: For Shard ID None: WebSocket Event: {'t': None, 's': None, 'op': 11, 'd': None}
[2026-08-20 16:10:57] [DEBUG   ] discord.gateway: Keeping shard ID None websocket alive with sequence 6.
[2026-08-20 16:10:57] [DEBUG   ] discord.gateway: For Shard ID None: WebSocket Event: {'t': None, 's': None, 'op': 11, 'd': None}
[2026-08-20 16:11:38] [DEBUG   ] discord.gateway: Keeping shard ID None websocket alive with sequence 6.
[2026-08-20 16:11:38] [DEBUG   ] discord.gateway: For Shard ID None: WebSocket Event: {'t': None, 's': None, 'op': 11, 'd': None}
[2026-08-20 16:12:19] [DEBUG   ] discord.gateway: Keeping shard ID None websocket alive with sequence 6.
[2026-08-20 16:12:19] [DEBUG   ] discord.gateway: For Shard ID None: WebSocket Event: {'t': None, 's': None, 'op': 11, 'd': None}
[2026-08-20 16:13:00] [DEBUG   ] discord.gateway: Keeping shard ID None websocket alive with sequence 6.
[2026-08-20 16:13:00] [DEBUG   ] discord.gateway: For Shard ID None: WebSocket Event: {'t': None, 's': None, 'op': 11, 'd': None}
[2026-08-20 16:13:42] [DEBUG   ] discord.gateway: Keeping shard ID None websocket alive with sequence 6.
[2026-08-20 16:13:42] [DEBUG   ] discord.gateway: For Shard ID None: WebSocket Event: {'t': None, 's': None, 'op': 11, 'd': None}
[2026-08-20 16:14:23] [DEBUG   ] discord.gateway: Keeping shard ID None websocket alive with sequence 6.
[2026-08-20 16:14:23] [DEBUG   ] discord.gateway: For Shard ID None: WebSocket Event: {'t': None, 's': None, 'op': 11, 'd': None}
[2026-08-20 16:15:04] [DEBUG   ] discord.gateway: Keeping shard ID None websocket alive with sequence 6.
[2026-08-20 16:15:04] [DEBUG   ] discord.gateway: For Shard ID None: WebSocket Event: {'t': None, 's': None, 'op': 11, 'd': None}
[2026-08-20 16:15:45] [DEBUG   ] discord.gateway: Keeping shard ID None websocket alive with sequence 6.
[2026-08-20 16:15:45] [DEBUG   ] discord.gateway: For Shard ID None: WebSocket Event: {'t': None, 's': None, 'op': 11, 'd': None}
[2026-08-20 16:16:27] [DEBUG   ] discord.gateway: Keeping shard ID None websocket alive with sequence 6.
[2026-08-20 16:16:27] [DEBUG   ] discord.gateway: For Shard ID None: WebSocket Event: {'t': None, 's': None, 'op': 11, 'd': None}
[2026-08-20 16:17:08] [DEBUG   ] discord.gateway: Keeping shard ID None websocket alive with sequence 6.
[2026-08-20 16:17:08] [DEBUG   ] discord.gateway: For Shard ID None: WebSocket Event: {'t': None, 's': None, 'op': 11, 'd': None}
[2026-08-20 16:17:49] [DEBUG   ] discord.gateway: Keeping shard ID None websocket alive with sequence 6.
[2026-08-20 16:17:49] [DEBUG   ] discord.gateway: For Shard ID None: WebSocket Event: {'t': None, 's': None, 'op': 11, 'd': None}
[2026-08-20 16:18:30] [DEBUG   ] discord.gateway: Keeping shard ID None websocket alive with sequence 6.
[2026-08-20 16:18:30] [DEBUG   ] discord.gateway: For Shard ID None: WebSocket Event: {'t': None, 's': None, 'op': 11, 'd': None}
[2026-08-20 16:19:12] [DEBUG   ] discord.gateway: Keeping shard ID None websocket alive with sequence 6.
[2026-08-20 16:19:12] [DEBUG   ] discord.gateway: For Shard ID None: WebSocket Event: {'t': None, 's': None, 'op': 11, 'd': None}
[2026-08-20 16:19:53] [DEBUG   ] discord.gateway: Keeping shard ID None websocket alive with sequence 6.
[2026-08-20 16:19:53] [DEBUG   ] discord.gateway: For Shard ID None: WebSocket Event: {'t': None, 's': None, 'op': 11, 'd': None}
[2026-08-20 16:20:34] [DEBUG   ] discord.gateway: Keeping shard ID None websocket alive with sequence 6.
[2026-08-20 16:20:34] [DEBUG   ] discord.gateway: For Shard ID None: WebSocket Event: {'t': None, 's': None, 'op': 11, 'd': None}
[2026-08-20 16:21:15] [DEBUG   ] discord.gateway: Keeping shard ID None websocket alive with sequence 6.
[2026-08-20 16:21:16] [DEBUG   ] discord.gateway: For Shard ID None: WebSocket Event: {'t': None, 's': None, 'op': 11, 'd': None}
[2026-08-20 16:21:57] [DEBUG   ] discord.gateway: Keeping shard ID None websocket alive with sequence 6.
[2026-08-20 16:21:57] [DEBUG   ] discord.gateway: For Shard ID None: WebSocket Event: {'t': None, 's': None, 'op': 11, 'd': None}
[2026-08-20 16:22:38] [DEBUG   ] discord.gateway: Keeping shard ID None websocket alive with sequence 6.
[2026-08-20 16:22:38] [DEBUG   ] discord.gateway: For Shard ID None: WebSocket Event: {'t': None, 's': None, 'op': 11, 'd': None}
[2026-08-20 16:23:19] [DEBUG   ] discord.gateway: Keeping shard ID None websocket alive with sequence 6.
[2026-08-20 16:23:19] [DEBUG   ] discord.gateway: For Shard ID None: WebSocket Event: {'t': None, 's': None, 'op': 11, 'd': None}
[2026-08-20 16:24:01] [DEBUG   ] discord.gateway: Keeping shard ID None websocket alive with sequence 6.
[2026-08-20 16:24:01] [DEBUG   ] discord.gateway: For Shard ID None: WebSocket Event: {'t': None, 's': None, 'op': 11, 'd': None}
[2026-08-20 16:24:42] [DEBUG   ] discord.gateway: Keeping shard ID None websocket alive with sequence 6.
[2026-08-20 16:24:42] [DEBUG   ] discord.gateway: For Shard ID None: WebSocket Event: {'t': None, 's': None, 'op': 11, 'd': None}
[2026-08-20 16:25:23] [DEBUG   ] discord.gateway: Keeping shard ID None websocket alive with sequence 6.
[2026-08-20 16:25:23] [DEBUG   ] discord.gateway: For Shard ID None: WebSocket Event: {'t': None, 's': None, 'op': 11, 'd': None}
[2026-08-20 16:26:04] [DEBUG   ] discord.gateway: Keeping shard ID None websocket alive with sequence 6.
[2026-08-20 16:26:04] [DEBUG   ] discord.gateway: For Shard ID None: WebSocket Event: {'t': None, 's': None, 'op': 11, 'd': None}
[2026-08-20 16:26:46] [DEBUG   ] discord.gateway: Keeping shard ID None websocket alive with sequence 6.
[2026-08-20 16:26:46] [DEBUG   ] discord.gateway: For Shard ID None: WebSocket Event: {'t': None, 's': None, 'op': 11, 'd': None}
[2026-08-20 16:27:27] [DEBUG   ] discord.gateway: Keeping shard ID None websocket alive with sequence 6.
[2026-08-20 16:27:27] [DEBUG   ] discord.gateway: For Shard ID None: WebSocket Event: {'t': None, 's': None, 'op': 11, 'd': None}
[2026-08-20 16:28:08] [DEBUG   ] discord.gateway: Keeping shard ID None websocket alive with sequence 6.
[2026-08-20 16:28:08] [DEBUG   ] discord.gateway: For Shard ID None: WebSocket Event: {'t': None, 's': None, 'op': 11, 'd': None}
[2026-08-20 16:28:49] [DEBUG   ] discord.gateway: Keeping shard ID None websocket alive with sequence 6.
[2026-08-20 16:28:49] [DEBUG   ] discord.gateway: For Shard ID None: WebSocket Event: {'t': None, 's': None, 'op': 11, 'd': None}
[2026-08-20 16:29:31] [DEBUG   ] discord.gateway: Keeping shard ID None websocket alive with sequence 6.
[2026-08-20 16:29:31] [DEBUG   ] discord.gateway: For Shard ID None: WebSocket Event: {'t': None, 's': None, 'op': 11, 'd': None}
[2026-08-20 16:30:12] [DEBUG   ] discord.gateway: Keeping shard ID None websocket alive with sequence 6.
[2026-08-20 16:30:12] [DEBUG   ] discord.gateway: For Shard ID None: WebSocket Event: {'t': None, 's': None, 'op': 11, 'd': None}
[2026-08-20 16:30:53] [DEBUG   ] discord.gateway: Keeping shard ID None websocket alive with sequence 6.
[2026-08-20 16:30:53] [DEBUG   ] discord.gateway: For Shard ID None: WebSocket Event: {'t': None, 's': None, 'op': 11, 'd': None}
[2026-08-20 16:31:34] [DEBUG   ] discord.gateway: Keeping shard ID None websocket alive with sequence 6.
[2026-08-20 16:31:34] [DEBUG   ] discord.gateway: For Shard ID None: WebSocket Event: {'t': None, 's': None, 'op': 11, 'd': None}
[2026-08-20 16:32:16] [DEBUG   ] discord.gateway: Keeping shard ID None websocket alive with sequence 6.
[2026-08-20 16:32:16] [DEBUG   ] discord.gateway: For Shard ID None: WebSocket Event: {'t': None, 's': None, 'op': 11, 'd': None}
[2026-08-20 16:32:57] [DEBUG   ] discord.gateway: Keeping shard ID None websocket alive with sequence 6.
[2026-08-20 16:32:57] [DEBUG   ] discord.gateway: For Shard ID None: WebSocket Event: {'t': None, 's': None, 'op': 11, 'd': None}
[2026-08-20 16:33:38] [DEBUG   ] discord.gateway: Keeping shard ID None websocket alive with sequence 6.
[2026-08-20 16:33:38] [DEBUG   ] discord.gateway: For Shard ID None: WebSocket Event: {'t': None, 's': None, 'op': 11, 'd': None}
[2026-08-20 16:34:19] [DEBUG   ] discord.gateway: Keeping shard ID None websocket alive with sequence 6.
[2026-08-20 16:34:19] [DEBUG   ] discord.gateway: For Shard ID None: WebSocket Event: {'t': None, 's': None, 'op': 11, 'd': None}
[2026-08-20 16:35:01] [DEBUG   ] discord.gateway: Keeping shard ID None websocket alive with sequence 6.
[2026-08-20 16:35:01] [DEBUG   ] discord.gateway: For Shard ID None: WebSocket Event: {'t': None, 's': None, 'op': 11, 'd': None}
[2026-08-20 16:35:42] [DEBUG   ] discord.gateway: Keeping shard ID None websocket alive with sequence 6.
[2026-08-20 16:35:42] [DEBUG   ] discord.gateway: For Shard ID None: WebSocket Event: {'t': None, 's': None, 'op': 11, 'd': None}
[2026-08-20 16:36:23] [DEBUG   ] discord.gateway: Keeping shard ID None websocket alive with sequence 6.
[2026-08-20 16:36:23] [DEBUG   ] discord.gateway: For Shard ID None: WebSocket Event: {'t': None, 's': None, 'op': 11, 'd': None}
[2026-08-20 16:37:04] [DEBUG   ] discord.gateway: Keeping shard ID None websocket alive with sequence 6.
[2026-08-20 16:37:04] [DEBUG   ] discord.gateway: For Shard ID None: WebSocket Event: {'t': None, 's': None, 'op': 11, 'd': None}
[2026-08-20 16:37:46] [DEBUG   ] discord.gateway: Keeping shard ID None websocket alive with sequence 6.
[2026-08-20 16:37:46] [DEBUG   ] discord.gateway: For Shard ID None: WebSocket Event: {'t': None, 's': None, 'op': 11, 'd': None}
[2026-08-20 16:38:27] [DEBUG   ] discord.gateway: Keeping shard ID None websocket alive with sequence 6.
[2026-08-20 16:38:27] [DEBUG   ] discord.gateway: For Shard ID None: WebSocket Event: {'t': None, 's': None, 'op': 11, 'd': None}
[2026-08-20 16:39:08] [DEBUG   ] discord.gateway: Keeping shard ID None websocket alive with sequence 6.
[2026-08-20 16:39:08] [DEBUG   ] discord.gateway: For Shard ID None: WebSocket Event: {'t': None, 's': None, 'op': 11, 'd': None}
[2026-08-20 16:39:49] [DEBUG   ] discord.gateway: Keeping shard ID None websocket alive with sequence 6.
[2026-08-20 16:39:49] [DEBUG   ] discord.gateway: For Shard ID None: WebSocket Event: {'t': None, 's': None, 'op': 11, 'd': None}
[2026-08-20 16:40:31] [DEBUG   ] discord.gateway: Keeping shard ID None websocket alive with sequence 6.
[2026-08-20 16:40:31] [DEBUG   ] discord.gateway: For Shard ID None: WebSocket Event: {'t': None, 's': None, 'op': 11, 'd': None}
[2026-08-20 16:41:12] [DEBUG   ] discord.gateway: Keeping shard ID None websocket alive with sequence 6.
[2026-08-20 16:41:12] [DEBUG   ] discord.gateway: For Shard ID None: WebSocket Event: {'t': None, 's': None, 'op': 11, 'd': None}
[2026-08-20 16:41:53] [DEBUG   ] discord.gateway: Keeping shard ID None websocket alive with sequence 6.
[2026-08-20 16:41:53] [DEBUG   ] discord.gateway: For Shard ID None: WebSocket Event: {'t': None, 's': None, 'op': 11, 'd': None}
[2026-08-20 16:42:34] [DEBUG   ] discord.gateway: Keeping shard ID None websocket alive with sequence 6.
[2026-08-20 16:42:34] [DEBUG   ] discord.gateway: For Shard ID None: WebSocket Event: {'t': None, 's': None, 'op': 11, 'd': None}
[2026-08-20 16:43:16] [DEBUG   ] discord.gateway: Keeping shard ID None websocket alive with sequence 6.
[2026-08-20 16:43:16] [DEBUG   ] discord.gateway: For Shard ID None: WebSocket Event: {'t': None, 's': None, 'op': 11, 'd': None}
[2026-08-20 16:43:57] [DEBUG   ] discord.gateway: Keeping shard ID None websocket alive with sequence 6.
[2026-08-20 16:43:57] [DEBUG   ] discord.gateway: For Shard ID None: WebSocket Event: {'t': None, 's': None, 'op': 11, 'd': None}
[2026-08-20 16:44:38] [DEBUG   ] discord.gateway: Keeping shard ID None websocket alive with sequence 6.
[2026-08-20 16:44:38] [DEBUG   ] discord.gateway: For Shard ID None: WebSocket Event: {'t': None, 's': None, 'op': 11, 'd': None}
[2026-08-20 16:45:19] [DEBUG   ] discord.gateway: Keeping shard ID None websocket alive with sequence 6.
[2026-08-20 16:45:20] [DEBUG   ] discord.gateway: For Shard ID None: WebSocket Event: {'t': None, 's': None, 'op': 11, 'd': None}
[2026-08-20 16:46:01] [DEBUG   ] discord.gateway: Keeping shard ID None websocket alive with sequence 6.
[2026-08-20 16:46:01] [DEBUG   ] discord.gateway: For Shard ID None: WebSocket Event: {'t': None, 's': None, 'op': 11, 'd': None}
[2026-08-20 16:46:42] [DEBUG   ] discord.gateway: Keeping shard ID None websocket alive with sequence 6.
[2026-08-20 16:46:42] [DEBUG   ] discord.gateway: For Shard ID None: WebSocket Event: {'t': None, 's': None, 'op': 11, 'd': None}
[2026-08-20 16:47:23] [DEBUG   ] discord.gateway: Keeping shard ID None websocket alive with sequence 6.
[2026-08-20 16:47:23] [DEBUG   ] discord.gateway: For Shard ID None: WebSocket Event: {'t': None, 's': None, 'op': 11, 'd': None}
[2026-08-20 16:48:05] [DEBUG   ] discord.gateway: Keeping shard ID None websocket alive with sequence 6.
[2026-08-20 16:48:05] [DEBUG   ] discord.gateway: For Shard ID None: WebSocket Event: {'t': None, 's': None, 'op': 11, 'd': None}
[2026-08-20 16:48:46] [DEBUG   ] discord.gateway: Keeping shard ID None websocket alive with sequence 6.
[2026-08-20 16:48:46] [DEBUG   ] discord.gateway: For Shard ID None: WebSocket Event: {'t': None, 's': None, 'op': 11, 'd': None}
[2026-08-20 16:49:27] [DEBUG   ] discord.gateway: Keeping shard ID None websocket alive with sequence 6.
[2026-08-20 16:49:27] [DEBUG   ] discord.gateway: For Shard ID None: WebSocket Event: {'t': None, 's': None, 'op': 11, 'd': None}
[2026-08-20 16:50:08] [DEBUG   ] discord.gateway: Keeping shard ID None websocket alive with sequence 6.
[2026-08-20 16:50:08] [DEBUG   ] discord.gateway: For Shard ID None: WebSocket Event: {'t': None, 's': None, 'op': 11, 'd': None}
[2026-08-20 16:50:50] [DEBUG   ] discord.gateway: Keeping shard ID None websocket alive with sequence 6.
[2026-08-20 16:50:50] [DEBUG   ] discord.gateway: For Shard ID None: WebSocket Event: {'t': None, 's': None, 'op': 11, 'd': None}
[2026-08-20 16:51:31] [DEBUG   ] discord.gateway: Keeping shard ID None websocket alive with sequence 6.
[2026-08-20 16:51:31] [DEBUG   ] discord.gateway: For Shard ID None: WebSocket Event: {'t': None, 's': None, 'op': 11, 'd': None}
[2026-08-20 16:52:12] [DEBUG   ] discord.gateway: Keeping shard ID None websocket alive with sequence 6.
[2026-08-20 16:52:12] [DEBUG   ] discord.gateway: For Shard ID None: WebSocket Event: {'t': None, 's': None, 'op': 11, 'd': None}
[2026-08-20 16:52:53] [DEBUG   ] discord.gateway: Keeping shard ID None websocket alive with sequence 6.
[2026-08-20 16:52:53] [DEBUG   ] discord.gateway: For Shard ID None: WebSocket Event: {'t': None, 's': None, 'op': 11, 'd': None}
[2026-08-20 16:53:35] [DEBUG   ] discord.gateway: Keeping shard ID None websocket alive with sequence 6.
[2026-08-20 16:53:35] [DEBUG   ] discord.gateway: For Shard ID None: WebSocket Event: {'t': None, 's': None, 'op': 11, 'd': None}
[2026-08-20 16:54:16] [DEBUG   ] discord.gateway: Keeping shard ID None websocket alive with sequence 6.
[2026-08-20 16:54:16] [DEBUG   ] discord.gateway: For Shard ID None: WebSocket Event: {'t': None, 's': None, 'op': 11, 'd': None}
[2026-08-20 16:54:57] [DEBUG   ] discord.gateway: Keeping shard ID None websocket alive with sequence 6.
[2026-08-20 16:54:57] [DEBUG   ] discord.gateway: For Shard ID None: WebSocket Event: {'t': None, 's': None, 'op': 11, 'd': None}
[2026-08-20 16:55:38] [DEBUG   ] discord.gateway: Keeping shard ID None websocket alive with sequence 6.
[2026-08-20 16:55:38] [DEBUG   ] discord.gateway: For Shard ID None: WebSocket Event: {'t': None, 's': None, 'op': 11, 'd': None}
[2026-08-20 16:56:20] [DEBUG   ] discord.gateway: Keeping shard ID None websocket alive with sequence 6.
[2026-08-20 16:56:20] [DEBUG   ] discord.gateway: For Shard ID None: WebSocket Event: {'t': None, 's': None, 'op': 11, 'd': None}
[2026-08-20 16:57:01] [DEBUG   ] discord.gateway: Keeping shard ID None websocket alive with sequence 6.
[2026-08-20 16:57:01] [DEBUG   ] discord.gateway: For Shard ID None: WebSocket Event: {'t': None, 's': None, 'op': 11, 'd': None}
[2026-08-20 16:57:42] [DEBUG   ] discord.gateway: Keeping shard ID None websocket alive with sequence 6.
[2026-08-20 16:57:42] [DEBUG   ] discord.gateway: For Shard ID None: WebSocket Event: {'t': None, 's': None, 'op': 11, 'd': None}
[2026-08-20 16:58:23] [DEBUG   ] discord.gateway: Keeping shard ID None websocket alive with sequence 6.
[2026-08-20 16:58:23] [DEBUG   ] discord.gateway: For Shard ID None: WebSocket Event: {'t': None, 's': None, 'op': 11, 'd': None}
[2026-08-20 16:59:05] [DEBUG   ] discord.gateway: Keeping shard ID None websocket alive with sequence 6.
[2026-08-20 16:59:05] [DEBUG   ] discord.gateway: For Shard ID None: WebSocket Event: {'t': None, 's': None, 'op': 11, 'd': None}
[2026-08-20 16:59:46] [DEBUG   ] discord.gateway: Keeping shard ID None websocket alive with sequence 6.
[2026-08-20 16:59:46] [DEBUG   ] discord.gateway: For Shard ID None: WebSocket Event: {'t': None, 's': None, 'op': 11, 'd': None}
[2026-08-20 17:00:27] [DEBUG   ] discord.gateway: Keeping shard ID None websocket alive with sequence 6.
[2026-08-20 17:00:27] [DEBUG   ] discord.gateway: For Shard ID None: WebSocket Event: {'t': None, 's': None, 'op': 11, 'd': None}
[2026-08-20 17:01:08] [DEBUG   ] discord.gateway: Keeping shard ID None websocket alive with sequence 6.
[2026-08-20 17:01:08] [DEBUG   ] discord.gateway: For Shard ID None: WebSocket Event: {'t': None, 's': None, 'op': 11, 'd': None}
[2026-08-20 17:01:50] [DEBUG   ] discord.gateway: Keeping shard ID None websocket alive with sequence 6.
[2026-08-20 17:01:50] [DEBUG   ] discord.gateway: For Shard ID None: WebSocket Event: {'t': None, 's': None, 'op': 11, 'd': None}
[2026-08-20 17:02:31] [DEBUG   ] discord.gateway: Keeping shard ID None websocket alive with sequence 6.
[2026-08-20 17:02:31] [DEBUG   ] discord.gateway: For Shard ID None: WebSocket Event: {'t': None, 's': None, 'op': 11, 'd': None}
[2026-08-20 17:03:12] [DEBUG   ] discord.gateway: Keeping shard ID None websocket alive with sequence 6.
[2026-08-20 17:03:13] [DEBUG   ] discord.gateway: For Shard ID None: WebSocket Event: {'t': None, 's': None, 'op': 11, 'd': None}
[2026-08-20 17:03:53] [DEBUG   ] discord.gateway: Keeping shard ID None websocket alive with sequence 6.
[2026-08-20 17:03:53] [DEBUG   ] discord.gateway: For Shard ID None: WebSocket Event: {'t': None, 's': None, 'op': 11, 'd': None}
[2026-08-20 17:04:35] [DEBUG   ] discord.gateway: Keeping shard ID None websocket alive with sequence 6.
[2026-08-20 17:04:35] [DEBUG   ] discord.gateway: For Shard ID None: WebSocket Event: {'t': None, 's': None, 'op': 11, 'd': None}
[2026-08-20 17:05:16] [DEBUG   ] discord.gateway: Keeping shard ID None websocket alive with sequence 6.
[2026-08-20 17:05:16] [DEBUG   ] discord.gateway: For Shard ID None: WebSocket Event: {'t': None, 's': None, 'op': 11, 'd': None}
[2026-08-20 17:05:57] [DEBUG   ] discord.gateway: Keeping shard ID None websocket alive with sequence 6.
[2026-08-20 17:05:57] [DEBUG   ] discord.gateway: For Shard ID None: WebSocket Event: {'t': None, 's': None, 'op': 11, 'd': None}
[2026-08-20 17:06:38] [DEBUG   ] discord.gateway: Keeping shard ID None websocket alive with sequence 6.
[2026-08-20 17:06:39] [DEBUG   ] discord.gateway: For Shard ID None: WebSocket Event: {'t': None, 's': None, 'op': 11, 'd': None}
[2026-08-20 17:07:20] [DEBUG   ] discord.gateway: Keeping shard ID None websocket alive with sequence 6.
[2026-08-20 17:07:20] [DEBUG   ] discord.gateway: For Shard ID None: WebSocket Event: {'t': None, 's': None, 'op': 11, 'd': None}
[2026-08-20 17:08:01] [DEBUG   ] discord.gateway: Keeping shard ID None websocket alive with sequence 6.
[2026-08-20 17:08:01] [DEBUG   ] discord.gateway: For Shard ID None: WebSocket Event: {'t': None, 's': None, 'op': 11, 'd': None}
[2026-08-20 17:08:42] [DEBUG   ] discord.gateway: Keeping shard ID None websocket alive with sequence 6.
[2026-08-20 17:08:42] [DEBUG   ] discord.gateway: For Shard ID None: WebSocket Event: {'t': None, 's': None, 'op': 11, 'd': None}
[2026-08-20 17:09:24] [DEBUG   ] discord.gateway: Keeping shard ID None websocket alive with sequence 6.
[2026-08-20 17:09:24] [DEBUG   ] discord.gateway: For Shard ID None: WebSocket Event: {'t': None, 's': None, 'op': 11, 'd': None}
[2026-08-20 17:10:05] [DEBUG   ] discord.gateway: Keeping shard ID None websocket alive with sequence 6.
[2026-08-20 17:10:05] [DEBUG   ] discord.gateway: For Shard ID None: WebSocket Event: {'t': None, 's': None, 'op': 11, 'd': None}
[2026-08-20 17:10:46] [DEBUG   ] discord.gateway: Keeping shard ID None websocket alive with sequence 6.
[2026-08-20 17:10:46] [DEBUG   ] discord.gateway: For Shard ID None: WebSocket Event: {'t': None, 's': None, 'op': 11, 'd': None}
[2026-08-20 17:11:27] [DEBUG   ] discord.gateway: Keeping shard ID None websocket alive with sequence 6.
[2026-08-20 17:11:27] [DEBUG   ] discord.gateway: For Shard ID None: WebSocket Event: {'t': None, 's': None, 'op': 11, 'd': None}
[2026-08-20 17:12:09] [DEBUG   ] discord.gateway: Keeping shard ID None websocket alive with sequence 6.
[2026-08-20 17:12:09] [DEBUG   ] discord.gateway: For Shard ID None: WebSocket Event: {'t': None, 's': None, 'op': 11, 'd': None}
[2026-08-20 17:12:50] [DEBUG   ] discord.gateway: Keeping shard ID None websocket alive with sequence 6.
[2026-08-20 17:12:50] [DEBUG   ] discord.gateway: For Shard ID None: WebSocket Event: {'t': None, 's': None, 'op': 11, 'd': None}
[2026-08-20 17:13:31] [DEBUG   ] discord.gateway: Keeping shard ID None websocket alive with sequence 6.
[2026-08-20 17:13:31] [DEBUG   ] discord.gateway: For Shard ID None: WebSocket Event: {'t': None, 's': None, 'op': 11, 'd': None}
[2026-08-20 17:14:12] [DEBUG   ] discord.gateway: Keeping shard ID None websocket alive with sequence 6.
[2026-08-20 17:14:12] [DEBUG   ] discord.gateway: For Shard ID None: WebSocket Event: {'t': None, 's': None, 'op': 11, 'd': None}
[2026-08-20 17:14:54] [DEBUG   ] discord.gateway: Keeping shard ID None websocket alive with sequence 6.
[2026-08-20 17:14:54] [DEBUG   ] discord.gateway: For Shard ID None: WebSocket Event: {'t': None, 's': None, 'op': 11, 'd': None}
[2026-08-20 17:15:35] [DEBUG   ] discord.gateway: Keeping shard ID None websocket alive with sequence 6.
[2026-08-20 17:15:35] [DEBUG   ] discord.gateway: For Shard ID None: WebSocket Event: {'t': None, 's': None, 'op': 11, 'd': None}
[2026-08-20 17:16:16] [DEBUG   ] discord.gateway: Keeping shard ID None websocket alive with sequence 6.
[2026-08-20 17:16:16] [DEBUG   ] discord.gateway: For Shard ID None: WebSocket Event: {'t': None, 's': None, 'op': 11, 'd': None}
[2026-08-20 17:16:57] [DEBUG   ] discord.gateway: Keeping shard ID None websocket alive with sequence 6.
[2026-08-20 17:16:57] [DEBUG   ] discord.gateway: For Shard ID None: WebSocket Event: {'t': None, 's': None, 'op': 11, 'd': None}
[2026-08-20 17:17:39] [DEBUG   ] discord.gateway: Keeping shard ID None websocket alive with sequence 6.
[2026-08-20 17:17:39] [DEBUG   ] discord.gateway: For Shard ID None: WebSocket Event: {'t': None, 's': None, 'op': 11, 'd': None}
[2026-08-20 17:18:20] [DEBUG   ] discord.gateway: Keeping shard ID None websocket alive with sequence 6.
[2026-08-20 17:18:20] [DEBUG   ] discord.gateway: For Shard ID None: WebSocket Event: {'t': None, 's': None, 'op': 11, 'd': None}
[2026-08-20 17:19:01] [DEBUG   ] discord.gateway: Keeping shard ID None websocket alive with sequence 6.
[2026-08-20 17:19:01] [DEBUG   ] discord.gateway: For Shard ID None: WebSocket Event: {'t': None, 's': None, 'op': 11, 'd': None}
[2026-08-20 17:19:42] [DEBUG   ] discord.gateway: Keeping shard ID None websocket alive with sequence 6.
[2026-08-20 17:19:42] [DEBUG   ] discord.gateway: For Shard ID None: WebSocket Event: {'t': None, 's': None, 'op': 11, 'd': None}
[2026-08-20 17:20:24] [DEBUG   ] discord.gateway: Keeping shard ID None websocket alive with sequence 6.
[2026-08-20 17:20:24] [DEBUG   ] discord.gateway: For Shard ID None: WebSocket Event: {'t': None, 's': None, 'op': 11, 'd': None}
[2026-08-20 17:21:05] [DEBUG   ] discord.gateway: Keeping shard ID None websocket alive with sequence 6.
[2026-08-20 17:21:05] [DEBUG   ] discord.gateway: For Shard ID None: WebSocket Event: {'t': None, 's': None, 'op': 11, 'd': None}
[2026-08-20 17:21:46] [DEBUG   ] discord.gateway: Keeping shard ID None websocket alive with sequence 6.
[2026-08-20 17:21:46] [DEBUG   ] discord.gateway: For Shard ID None: WebSocket Event: {'t': None, 's': None, 'op': 11, 'd': None}
[2026-08-20 17:22:27] [DEBUG   ] discord.gateway: Keeping shard ID None websocket alive with sequence 6.
[2026-08-20 17:22:27] [DEBUG   ] discord.gateway: For Shard ID None: WebSocket Event: {'t': None, 's': None, 'op': 11, 'd': None}
[2026-08-20 17:23:09] [DEBUG   ] discord.gateway: Keeping shard ID None websocket alive with sequence 6.
[2026-08-20 17:23:09] [DEBUG   ] discord.gateway: For Shard ID None: WebSocket Event: {'t': None, 's': None, 'op': 11, 'd': None}
[2026-08-20 17:23:50] [DEBUG   ] discord.gateway: Keeping shard ID None websocket alive with sequence 6.
[2026-08-20 17:23:50] [DEBUG   ] discord.gateway: For Shard ID None: WebSocket Event: {'t': None, 's': None, 'op': 11, 'd': None}
[2026-08-20 17:24:31] [DEBUG   ] discord.gateway: Keeping shard ID None websocket alive with sequence 6.
[2026-08-20 17:24:31] [DEBUG   ] discord.gateway: For Shard ID None: WebSocket Event: {'t': None, 's': None, 'op': 11, 'd': None}
[2026-08-20 17:25:12] [DEBUG   ] discord.gateway: Keeping shard ID None websocket alive with sequence 6.
[2026-08-20 17:25:13] [DEBUG   ] discord.gateway: For Shard ID None: WebSocket Event: {'t': None, 's': None, 'op': 11, 'd': None}
[2026-08-20 17:25:54] [DEBUG   ] discord.gateway: Keeping shard ID None websocket alive with sequence 6.
[2026-08-20 17:25:54] [DEBUG   ] discord.gateway: For Shard ID None: WebSocket Event: {'t': None, 's': None, 'op': 11, 'd': None}
[2026-08-20 17:26:35] [DEBUG   ] discord.gateway: Keeping shard ID None websocket alive with sequence 6.
[2026-08-20 17:26:35] [DEBUG   ] discord.gateway: For Shard ID None: WebSocket Event: {'t': None, 's': None, 'op': 11, 'd': None}
[2026-08-20 17:27:16] [DEBUG   ] discord.gateway: Keeping shard ID None websocket alive with sequence 6.
[2026-08-20 17:27:16] [DEBUG   ] discord.gateway: For Shard ID None: WebSocket Event: {'t': None, 's': None, 'op': 11, 'd': None}
[2026-08-20 17:27:58] [DEBUG   ] discord.gateway: Keeping shard ID None websocket alive with sequence 6.
[2026-08-20 17:27:58] [DEBUG   ] discord.gateway: For Shard ID None: WebSocket Event: {'t': None, 's': None, 'op': 11, 'd': None}
[2026-08-20 17:28:39] [DEBUG   ] discord.gateway: Keeping shard ID None websocket alive with sequence 6.
[2026-08-20 17:28:39] [DEBUG   ] discord.gateway: For Shard ID None: WebSocket Event: {'t': None, 's': None, 'op': 11, 'd': None}
[2026-08-20 17:29:20] [DEBUG   ] discord.gateway: Keeping shard ID None websocket alive with sequence 6.
[2026-08-20 17:29:20] [DEBUG   ] discord.gateway: For Shard ID None: WebSocket Event: {'t': None, 's': None, 'op': 11, 'd': None}
[2026-08-20 17:30:01] [DEBUG   ] discord.gateway: Keeping shard ID None websocket alive with sequence 6.
[2026-08-20 17:30:01] [DEBUG   ] discord.gateway: For Shard ID None: WebSocket Event: {'t': None, 's': None, 'op': 11, 'd': None}
[2026-08-20 17:30:43] [DEBUG   ] discord.gateway: Keeping shard ID None websocket alive with sequence 6.
[2026-08-20 17:30:43] [DEBUG   ] discord.gateway: For Shard ID None: WebSocket Event: {'t': None, 's': None, 'op': 11, 'd': None}
[2026-08-20 17:31:24] [DEBUG   ] discord.gateway: Keeping shard ID None websocket alive with sequence 6.
[2026-08-20 17:31:24] [DEBUG   ] discord.gateway: For Shard ID None: WebSocket Event: {'t': None, 's': None, 'op': 11, 'd': None}
[2026-08-20 17:32:05] [DEBUG   ] discord.gateway: Keeping shard ID None websocket alive with sequence 6.
[2026-08-20 17:32:05] [DEBUG   ] discord.gateway: For Shard ID None: WebSocket Event: {'t': None, 's': None, 'op': 11, 'd': None}
[2026-08-20 17:32:46] [DEBUG   ] discord.gateway: Keeping shard ID None websocket alive with sequence 6.
[2026-08-20 17:32:46] [DEBUG   ] discord.gateway: For Shard ID None: WebSocket Event: {'t': None, 's': None, 'op': 11, 'd': None}
[2026-08-20 17:33:28] [DEBUG   ] discord.gateway: Keeping shard ID None websocket alive with sequence 6.
[2026-08-20 17:33:28] [DEBUG   ] discord.gateway: For Shard ID None: WebSocket Event: {'t': None, 's': None, 'op': 11, 'd': None}
[2026-08-20 17:34:09] [DEBUG   ] discord.gateway: Keeping shard ID None websocket alive with sequence 6.
[2026-08-20 17:34:09] [DEBUG   ] discord.gateway: For Shard ID None: WebSocket Event: {'t': None, 's': None, 'op': 11, 'd': None}
[2026-08-20 17:34:50] [DEBUG   ] discord.gateway: Keeping shard ID None websocket alive with sequence 6.
[2026-08-20 17:34:50] [DEBUG   ] discord.gateway: For Shard ID None: WebSocket Event: {'t': None, 's': None, 'op': 11, 'd': None}
[2026-08-20 17:35:31] [DEBUG   ] discord.gateway: Keeping shard ID None websocket alive with sequence 6.
[2026-08-20 17:35:31] [DEBUG   ] discord.gateway: For Shard ID None: WebSocket Event: {'t': None, 's': None, 'op': 11, 'd': None}
[2026-08-20 17:36:13] [DEBUG   ] discord.gateway: Keeping shard ID None websocket alive with sequence 6.
[2026-08-20 17:36:13] [DEBUG   ] discord.gateway: For Shard ID None: WebSocket Event: {'t': None, 's': None, 'op': 11, 'd': None}
[2026-08-20 17:36:54] [DEBUG   ] discord.gateway: Keeping shard ID None websocket alive with sequence 6.
[2026-08-20 17:36:54] [DEBUG   ] discord.gateway: For Shard ID None: WebSocket Event: {'t': None, 's': None, 'op': 11, 'd': None}
[2026-08-20 17:37:35] [DEBUG   ] discord.gateway: Keeping shard ID None websocket alive with sequence 6.
[2026-08-20 17:37:35] [DEBUG   ] discord.gateway: For Shard ID None: WebSocket Event: {'t': None, 's': None, 'op': 11, 'd': None}
[2026-08-20 17:38:16] [DEBUG   ] discord.gateway: Keeping shard ID None websocket alive with sequence 6.
[2026-08-20 17:38:16] [DEBUG   ] discord.gateway: For Shard ID None: WebSocket Event: {'t': None, 's': None, 'op': 11, 'd': None}
[2026-08-20 17:38:58] [DEBUG   ] discord.gateway: Keeping shard ID None websocket alive with sequence 6.
[2026-08-20 17:38:58] [DEBUG   ] discord.gateway: For Shard ID None: WebSocket Event: {'t': None, 's': None, 'op': 11, 'd': None}
[2026-08-20 17:39:39] [DEBUG   ] discord.gateway: Keeping shard ID None websocket alive with sequence 6.
[2026-08-20 17:39:39] [DEBUG   ] discord.gateway: For Shard ID None: WebSocket Event: {'t': None, 's': None, 'op': 11, 'd': None}
[2026-08-20 17:40:20] [DEBUG   ] discord.gateway: Keeping shard ID None websocket alive with sequence 6.
[2026-08-20 17:40:20] [DEBUG   ] discord.gateway: For Shard ID None: WebSocket Event: {'t': None, 's': None, 'op': 11, 'd': None}
[2026-08-20 17:41:01] [DEBUG   ] discord.gateway: Keeping shard ID None websocket alive with sequence 6.
[2026-08-20 17:41:01] [DEBUG   ] discord.gateway: For Shard ID None: WebSocket Event: {'t': None, 's': None, 'op': 11, 'd': None}
[2026-08-20 17:41:43] [DEBUG   ] discord.gateway: Keeping shard ID None websocket alive with sequence 6.
[2026-08-20 17:41:43] [DEBUG   ] discord.gateway: For Shard ID None: WebSocket Event: {'t': None, 's': None, 'op': 11, 'd': None}
[2026-08-20 17:42:24] [DEBUG   ] discord.gateway: Keeping shard ID None websocket alive with sequence 6.
[2026-08-20 17:42:24] [DEBUG   ] discord.gateway: For Shard ID None: WebSocket Event: {'t': None, 's': None, 'op': 11, 'd': None}
[2026-08-20 17:43:05] [DEBUG   ] discord.gateway: Keeping shard ID None websocket alive with sequence 6.
[2026-08-20 17:43:05] [DEBUG   ] discord.gateway: For Shard ID None: WebSocket Event: {'t': None, 's': None, 'op': 11, 'd': None}
[2026-08-20 17:43:46] [DEBUG   ] discord.gateway: Keeping shard ID None websocket alive with sequence 6.
[2026-08-20 17:43:46] [DEBUG   ] discord.gateway: For Shard ID None: WebSocket Event: {'t': None, 's': None, 'op': 11, 'd': None}
[2026-08-20 17:44:28] [DEBUG   ] discord.gateway: Keeping shard ID None websocket alive with sequence 6.
[2026-08-20 17:44:28] [DEBUG   ] discord.gateway: For Shard ID None: WebSocket Event: {'t': None, 's': None, 'op': 11, 'd': None}
[2026-08-20 17:45:09] [DEBUG   ] discord.gateway: Keeping shard ID None websocket alive with sequence 6.
[2026-08-20 17:45:09] [DEBUG   ] discord.gateway: For Shard ID None: WebSocket Event: {'t': None, 's': None, 'op': 11, 'd': None}
[2026-08-20 17:45:50] [DEBUG   ] discord.gateway: Keeping shard ID None websocket alive with sequence 6.
[2026-08-20 17:45:50] [DEBUG   ] discord.gateway: For Shard ID None: WebSocket Event: {'t': None, 's': None, 'op': 11, 'd': None}
[2026-08-20 17:46:31] [DEBUG   ] discord.gateway: Keeping shard ID None websocket alive with sequence 6.
[2026-08-20 17:46:32] [DEBUG   ] discord.gateway: For Shard ID None: WebSocket Event: {'t': None, 's': None, 'op': 11, 'd': None}
[2026-08-20 17:47:13] [DEBUG   ] discord.gateway: Keeping shard ID None websocket alive with sequence 6.
[2026-08-20 17:47:13] [DEBUG   ] discord.gateway: For Shard ID None: WebSocket Event: {'t': None, 's': None, 'op': 11, 'd': None}
[2026-08-20 17:47:54] [DEBUG   ] discord.gateway: Keeping shard ID None websocket alive with sequence 6.
[2026-08-20 17:47:54] [DEBUG   ] discord.gateway: For Shard ID None: WebSocket Event: {'t': None, 's': None, 'op': 11, 'd': None}
[2026-08-20 17:48:35] [DEBUG   ] discord.gateway: Keeping shard ID None websocket alive with sequence 6.
[2026-08-20 17:48:35] [DEBUG   ] discord.gateway: For Shard ID None: WebSocket Event: {'t': None, 's': None, 'op': 11, 'd': None}
[2026-08-20 17:49:17] [DEBUG   ] discord.gateway: Keeping shard ID None websocket alive with sequence 6.
[2026-08-20 17:49:17] [DEBUG   ] discord.gateway: For Shard ID None: WebSocket Event: {'t': None, 's': None, 'op': 11, 'd': None}
[2026-08-20 17:49:58] [DEBUG   ] discord.gateway: Keeping shard ID None websocket alive with sequence 6.
[2026-08-20 17:49:58] [DEBUG   ] discord.gateway: For Shard ID None: WebSocket Event: {'t': None, 's': None, 'op': 11, 'd': None}
[2026-08-20 17:50:39] [DEBUG   ] discord.gateway: Keeping shard ID None websocket alive with sequence 6.
[2026-08-20 17:50:39] [DEBUG   ] discord.gateway: For Shard ID None: WebSocket Event: {'t': None, 's': None, 'op': 11, 'd': None}
[2026-08-20 17:51:20] [DEBUG   ] discord.gateway: Keeping shard ID None websocket alive with sequence 6.
[2026-08-20 17:51:20] [DEBUG   ] discord.gateway: For Shard ID None: WebSocket Event: {'t': None, 's': None, 'op': 11, 'd': None}
[2026-08-20 17:52:02] [DEBUG   ] discord.gateway: Keeping shard ID None websocket alive with sequence 6.
[2026-08-20 17:52:02] [DEBUG   ] discord.gateway: For Shard ID None: WebSocket Event: {'t': None, 's': None, 'op': 11, 'd': None}
[2026-08-20 17:52:43] [DEBUG   ] discord.gateway: Keeping shard ID None websocket alive with sequence 6.
[2026-08-20 17:52:43] [DEBUG   ] discord.gateway: For Shard ID None: WebSocket Event: {'t': None, 's': None, 'op': 11, 'd': None}
[2026-08-20 17:53:24] [DEBUG   ] discord.gateway: Keeping shard ID None websocket alive with sequence 6.
[2026-08-20 17:53:24] [DEBUG   ] discord.gateway: For Shard ID None: WebSocket Event: {'t': None, 's': None, 'op': 11, 'd': None}
[2026-08-20 17:54:05] [DEBUG   ] discord.gateway: Keeping shard ID None websocket alive with sequence 6.
[2026-08-20 17:54:05] [DEBUG   ] discord.gateway: For Shard ID None: WebSocket Event: {'t': None, 's': None, 'op': 11, 'd': None}
[2026-08-20 17:54:47] [DEBUG   ] discord.gateway: Keeping shard ID None websocket alive with sequence 6.
[2026-08-20 17:54:47] [DEBUG   ] discord.gateway: For Shard ID None: WebSocket Event: {'t': None, 's': None, 'op': 11, 'd': None}
[2026-08-20 17:55:28] [DEBUG   ] discord.gateway: Keeping shard ID None websocket alive with sequence 6.
[2026-08-20 17:55:28] [DEBUG   ] discord.gateway: For Shard ID None: WebSocket Event: {'t': None, 's': None, 'op': 11, 'd': None}
[2026-08-20 17:56:09] [DEBUG   ] discord.gateway: Keeping shard ID None websocket alive with sequence 6.
[2026-08-20 17:56:09] [DEBUG   ] discord.gateway: For Shard ID None: WebSocket Event: {'t': None, 's': None, 'op': 11, 'd': None}
[2026-08-20 17:56:50] [DEBUG   ] discord.gateway: Keeping shard ID None websocket alive with sequence 6.
[2026-08-20 17:56:50] [DEBUG   ] discord.gateway: For Shard ID None: WebSocket Event: {'t': None, 's': None, 'op': 11, 'd': None}
[2026-08-20 17:57:32] [DEBUG   ] discord.gateway: Keeping shard ID None websocket alive with sequence 6.
[2026-08-20 17:57:32] [DEBUG   ] discord.gateway: For Shard ID None: WebSocket Event: {'t': None, 's': None, 'op': 11, 'd': None}
[2026-08-20 17:58:13] [DEBUG   ] discord.gateway: Keeping shard ID None websocket alive with sequence 6.
[2026-08-20 17:58:13] [DEBUG   ] discord.gateway: For Shard ID None: WebSocket Event: {'t': None, 's': None, 'op': 11, 'd': None}
[2026-08-20 17:58:54] [DEBUG   ] discord.gateway: Keeping shard ID None websocket alive with sequence 6.
[2026-08-20 17:58:54] [DEBUG   ] discord.gateway: For Shard ID None: WebSocket Event: {'t': None, 's': None, 'op': 11, 'd': None}
[2026-08-20 17:59:35] [DEBUG   ] discord.gateway: Keeping shard ID None websocket alive with sequence 6.
[2026-08-20 17:59:35] [DEBUG   ] discord.gateway: For Shard ID None: WebSocket Event: {'t': None, 's': None, 'op': 11, 'd': None}
[2026-08-20 18:00:17] [DEBUG   ] discord.gateway: Keeping shard ID None websocket alive with sequence 6.
[2026-08-20 18:00:17] [DEBUG   ] discord.gateway: For Shard ID None: WebSocket Event: {'t': None, 's': None, 'op': 11, 'd': None}
[2026-08-20 18:00:58] [DEBUG   ] discord.gateway: Keeping shard ID None websocket alive with sequence 6.
[2026-08-20 18:00:58] [DEBUG   ] discord.gateway: For Shard ID None: WebSocket Event: {'t': None, 's': None, 'op': 11, 'd': None}
[2026-08-20 18:01:39] [DEBUG   ] discord.gateway: Keeping shard ID None websocket alive with sequence 6.
[2026-08-20 18:01:39] [DEBUG   ] discord.gateway: For Shard ID None: WebSocket Event: {'t': None, 's': None, 'op': 11, 'd': None}
[2026-08-20 18:02:20] [DEBUG   ] discord.gateway: Keeping shard ID None websocket alive with sequence 6.
[2026-08-20 18:02:20] [DEBUG   ] discord.gateway: For Shard ID None: WebSocket Event: {'t': None, 's': None, 'op': 11, 'd': None}
[2026-08-20 18:03:02] [DEBUG   ] discord.gateway: Keeping shard ID None websocket alive with sequence 6.
[2026-08-20 18:03:02] [DEBUG   ] discord.gateway: For Shard ID None: WebSocket Event: {'t': None, 's': None, 'op': 11, 'd': None}
[2026-08-20 18:03:43] [DEBUG   ] discord.gateway: Keeping shard ID None websocket alive with sequence 6.
[2026-08-20 18:03:43] [DEBUG   ] discord.gateway: For Shard ID None: WebSocket Event: {'t': None, 's': None, 'op': 11, 'd': None}
[2026-08-20 18:04:24] [DEBUG   ] discord.gateway: Keeping shard ID None websocket alive with sequence 6.
[2026-08-20 18:04:24] [DEBUG   ] discord.gateway: For Shard ID None: WebSocket Event: {'t': None, 's': None, 'op': 11, 'd': None}
[2026-08-20 18:05:05] [DEBUG   ] discord.gateway: Keeping shard ID None websocket alive with sequence 6.
[2026-08-20 18:05:05] [DEBUG   ] discord.gateway: For Shard ID None: WebSocket Event: {'t': None, 's': None, 'op': 11, 'd': None}
[2026-08-20 18:05:47] [DEBUG   ] discord.gateway: Keeping shard ID None websocket alive with sequence 6.
[2026-08-20 18:05:47] [DEBUG   ] discord.gateway: For Shard ID None: WebSocket Event: {'t': None, 's': None, 'op': 11, 'd': None}
[2026-08-20 18:06:28] [DEBUG   ] discord.gateway: Keeping shard ID None websocket alive with sequence 6.
[2026-08-20 18:06:28] [DEBUG   ] discord.gateway: For Shard ID None: WebSocket Event: {'t': None, 's': None, 'op': 11, 'd': None}
[2026-08-20 18:07:09] [DEBUG   ] discord.gateway: Keeping shard ID None websocket alive with sequence 6.
[2026-08-20 18:07:09] [DEBUG   ] discord.gateway: For Shard ID None: WebSocket Event: {'t': None, 's': None, 'op': 11, 'd': None}
[2026-08-20 18:07:50] [DEBUG   ] discord.gateway: Keeping shard ID None websocket alive with sequence 6.
[2026-08-20 18:07:51] [DEBUG   ] discord.gateway: For Shard ID None: WebSocket Event: {'t': None, 's': None, 'op': 11, 'd': None}
[2026-08-20 18:08:32] [DEBUG   ] discord.gateway: Keeping shard ID None websocket alive with sequence 6.
[2026-08-20 18:08:32] [DEBUG   ] discord.gateway: For Shard ID None: WebSocket Event: {'t': None, 's': None, 'op': 11, 'd': None}
[2026-08-20 18:09:13] [DEBUG   ] discord.gateway: Keeping shard ID None websocket alive with sequence 6.
[2026-08-20 18:09:13] [DEBUG   ] discord.gateway: For Shard ID None: WebSocket Event: {'t': None, 's': None, 'op': 11, 'd': None}
[2026-08-20 18:09:54] [DEBUG   ] discord.gateway: Keeping shard ID None websocket alive with sequence 6.
[2026-08-20 18:09:54] [DEBUG   ] discord.gateway: For Shard ID None: WebSocket Event: {'t': None, 's': None, 'op': 11, 'd': None}
[2026-08-20 18:10:36] [DEBUG   ] discord.gateway: Keeping shard ID None websocket alive with sequence 6.
[2026-08-20 18:10:36] [DEBUG   ] discord.gateway: For Shard ID None: WebSocket Event: {'t': None, 's': None, 'op': 11, 'd': None}
[2026-08-20 18:11:17] [DEBUG   ] discord.gateway: Keeping shard ID None websocket alive with sequence 6.
[2026-08-20 18:11:17] [DEBUG   ] discord.gateway: For Shard ID None: WebSocket Event: {'t': None, 's': None, 'op': 11, 'd': None}
[2026-08-20 18:11:58] [DEBUG   ] discord.gateway: Keeping shard ID None websocket alive with sequence 6.
[2026-08-20 18:11:58] [DEBUG   ] discord.gateway: For Shard ID None: WebSocket Event: {'t': None, 's': None, 'op': 11, 'd': None}
[2026-08-20 18:12:39] [DEBUG   ] discord.gateway: Keeping shard ID None websocket alive with sequence 6.
[2026-08-20 18:12:39] [DEBUG   ] discord.gateway: For Shard ID None: WebSocket Event: {'t': None, 's': None, 'op': 11, 'd': None}
[2026-08-20 18:13:21] [DEBUG   ] discord.gateway: Keeping shard ID None websocket alive with sequence 6.
[2026-08-20 18:13:21] [DEBUG   ] discord.gateway: For Shard ID None: WebSocket Event: {'t': None, 's': None, 'op': 11, 'd': None}
[2026-08-20 18:14:02] [DEBUG   ] discord.gateway: Keeping shard ID None websocket alive with sequence 6.
[2026-08-20 18:14:02] [DEBUG   ] discord.gateway: For Shard ID None: WebSocket Event: {'t': None, 's': None, 'op': 11, 'd': None}
[2026-08-20 18:14:43] [DEBUG   ] discord.gateway: Keeping shard ID None websocket alive with sequence 6.
[2026-08-20 18:14:43] [DEBUG   ] discord.gateway: For Shard ID None: WebSocket Event: {'t': None, 's': None, 'op': 11, 'd': None}
[2026-08-20 18:15:24] [DEBUG   ] discord.gateway: Keeping shard ID None websocket alive with sequence 6.
[2026-08-20 18:15:24] [DEBUG   ] discord.gateway: For Shard ID None: WebSocket Event: {'t': None, 's': None, 'op': 11, 'd': None}
[2026-08-20 18:16:06] [DEBUG   ] discord.gateway: Keeping shard ID None websocket alive with sequence 6.
[2026-08-20 18:16:06] [DEBUG   ] discord.gateway: For Shard ID None: WebSocket Event: {'t': None, 's': None, 'op': 11, 'd': None}
[2026-08-20 18:16:47] [DEBUG   ] discord.gateway: Keeping shard ID None websocket alive with sequence 6.
[2026-08-20 18:16:47] [DEBUG   ] discord.gateway: For Shard ID None: WebSocket Event: {'t': None, 's': None, 'op': 11, 'd': None}
[2026-08-20 18:17:28] [DEBUG   ] discord.gateway: Keeping shard ID None websocket alive with sequence 6.
[2026-08-20 18:17:28] [DEBUG   ] discord.gateway: For Shard ID None: WebSocket Event: {'t': None, 's': None, 'op': 11, 'd': None}
[2026-08-20 18:18:09] [DEBUG   ] discord.gateway: Keeping shard ID None websocket alive with sequence 6.
[2026-08-20 18:18:09] [DEBUG   ] discord.gateway: For Shard ID None: WebSocket Event: {'t': None, 's': None, 'op': 11, 'd': None}
[2026-08-20 18:18:51] [DEBUG   ] discord.gateway: Keeping shard ID None websocket alive with sequence 6.
[2026-08-20 18:18:51] [DEBUG   ] discord.gateway: For Shard ID None: WebSocket Event: {'t': None, 's': None, 'op': 11, 'd': None}
[2026-08-20 18:19:32] [DEBUG   ] discord.gateway: Keeping shard ID None websocket alive with sequence 6.
[2026-08-20 18:19:32] [DEBUG   ] discord.gateway: For Shard ID None: WebSocket Event: {'t': None, 's': None, 'op': 11, 'd': None}
[2026-08-20 18:20:13] [DEBUG   ] discord.gateway: Keeping shard ID None websocket alive with sequence 6.
[2026-08-20 18:20:13] [DEBUG   ] discord.gateway: For Shard ID None: WebSocket Event: {'t': None, 's': None, 'op': 11, 'd': None}
[2026-08-20 18:20:54] [DEBUG   ] discord.gateway: Keeping shard ID None websocket alive with sequence 6.
[2026-08-20 18:20:54] [DEBUG   ] discord.gateway: For Shard ID None: WebSocket Event: {'t': None, 's': None, 'op': 11, 'd': None}
[2026-08-20 18:21:36] [DEBUG   ] discord.gateway: Keeping shard ID None websocket alive with sequence 6.
[2026-08-20 18:21:36] [DEBUG   ] discord.gateway: For Shard ID None: WebSocket Event: {'t': None, 's': None, 'op': 11, 'd': None}
[2026-08-20 18:22:17] [DEBUG   ] discord.gateway: Keeping shard ID None websocket alive with sequence 6.
[2026-08-20 18:22:17] [DEBUG   ] discord.gateway: For Shard ID None: WebSocket Event: {'t': None, 's': None, 'op': 11, 'd': None}
[2026-08-20 18:22:58] [DEBUG   ] discord.gateway: Keeping shard ID None websocket alive with sequence 6.
[2026-08-20 18:22:58] [DEBUG   ] discord.gateway: For Shard ID None: WebSocket Event: {'t': None, 's': None, 'op': 11, 'd': None}
[2026-08-20 18:23:39] [DEBUG   ] discord.gateway: Keeping shard ID None websocket alive with sequence 6.
[2026-08-20 18:23:40] [DEBUG   ] discord.gateway: For Shard ID None: WebSocket Event: {'t': None, 's': None, 'op': 11, 'd': None}
[2026-08-20 18:24:21] [DEBUG   ] discord.gateway: Keeping shard ID None websocket alive with sequence 6.
[2026-08-20 18:24:21] [DEBUG   ] discord.gateway: For Shard ID None: WebSocket Event: {'t': None, 's': None, 'op': 11, 'd': None}
[2026-08-20 18:25:02] [DEBUG   ] discord.gateway: Keeping shard ID None websocket alive with sequence 6.
[2026-08-20 18:25:02] [DEBUG   ] discord.gateway: For Shard ID None: WebSocket Event: {'t': None, 's': None, 'op': 11, 'd': None}
[2026-08-20 18:25:43] [DEBUG   ] discord.gateway: Keeping shard ID None websocket alive with sequence 6.
[2026-08-20 18:25:43] [DEBUG   ] discord.gateway: For Shard ID None: WebSocket Event: {'t': None, 's': None, 'op': 11, 'd': None}
[2026-08-20 18:26:24] [DEBUG   ] discord.gateway: Keeping shard ID None websocket alive with sequence 6.
[2026-08-20 18:26:25] [DEBUG   ] discord.gateway: For Shard ID None: WebSocket Event: {'t': None, 's': None, 'op': 11, 'd': None}
[2026-08-20 18:27:06] [DEBUG   ] discord.gateway: Keeping shard ID None websocket alive with sequence 6.
[2026-08-20 18:27:06] [DEBUG   ] discord.gateway: For Shard ID None: WebSocket Event: {'t': None, 's': None, 'op': 11, 'd': None}
[2026-08-20 18:27:47] [DEBUG   ] discord.gateway: Keeping shard ID None websocket alive with sequence 6.
[2026-08-20 18:27:47] [DEBUG   ] discord.gateway: For Shard ID None: WebSocket Event: {'t': None, 's': None, 'op': 11, 'd': None}
[2026-08-20 18:28:28] [DEBUG   ] discord.gateway: Keeping shard ID None websocket alive with sequence 6.
[2026-08-20 18:28:28] [DEBUG   ] discord.gateway: For Shard ID None: WebSocket Event: {'t': None, 's': None, 'op': 11, 'd': None}
[2026-08-20 18:29:10] [DEBUG   ] discord.gateway: Keeping shard ID None websocket alive with sequence 6.
[2026-08-20 18:29:10] [DEBUG   ] discord.gateway: For Shard ID None: WebSocket Event: {'t': None, 's': None, 'op': 11, 'd': None}
[2026-08-20 18:29:51] [DEBUG   ] discord.gateway: Keeping shard ID None websocket alive with sequence 6.
[2026-08-20 18:29:51] [DEBUG   ] discord.gateway: For Shard ID None: WebSocket Event: {'t': None, 's': None, 'op': 11, 'd': None}
[2026-08-20 18:30:32] [DEBUG   ] discord.gateway: Keeping shard ID None websocket alive with sequence 6.
[2026-08-20 18:30:32] [DEBUG   ] discord.gateway: For Shard ID None: WebSocket Event: {'t': None, 's': None, 'op': 11, 'd': None}
[2026-08-20 18:31:13] [DEBUG   ] discord.gateway: Keeping shard ID None websocket alive with sequence 6.
[2026-08-20 18:31:13] [DEBUG   ] discord.gateway: For Shard ID None: WebSocket Event: {'t': None, 's': None, 'op': 11, 'd': None}
[2026-08-20 18:31:55] [DEBUG   ] discord.gateway: Keeping shard ID None websocket alive with sequence 6.
[2026-08-20 18:31:55] [DEBUG   ] discord.gateway: For Shard ID None: WebSocket Event: {'t': None, 's': None, 'op': 11, 'd': None}
[2026-08-20 18:32:20] [DEBUG   ] discord.gateway: Received WSMessage(type=<WSMsgType.CLOSED: 257>, data=None, extra=None)
[2026-08-20 18:32:20] [DEBUG   ] discord.gateway: Websocket closed with 1006, attempting a reconnect.
[2026-08-20 18:32:20] [DEBUG   ] discord.client: Got a request to RESUME the websocket.
[2026-08-20 18:32:20] [DEBUG   ] discord.client: Dispatching event disconnect
[2026-08-20 18:32:21] [DEBUG   ] discord.gateway: Created websocket connected to wss://gateway-us-east1-b.discord.gg
[2026-08-20 18:32:21] [DEBUG   ] discord.gateway: For Shard ID None: WebSocket Event: {'t': None, 's': None, 'op': 10, 'd': {'heartbeat_interval': 41250, '_trace': ['["gateway-prd-arm-us-east1-b-d3jc",{"micros":0.0}]']}}
[2026-08-20 18:32:21] [DEBUG   ] discord.gateway: Shard ID None has sent the RESUME payload.
[2026-08-20 18:32:21] [DEBUG   ] discord.gateway: For Shard ID None: WebSocket Event: {'t': None, 's': None, 'op': 11, 'd': None}
[2026-08-20 18:32:21] [DEBUG   ] discord.gateway: For Shard ID None: WebSocket Event: {'t': 'RESUMED', 's': 7, 'op': 0, 'd': {'_trace': ['["gateway-prd-arm-us-east1-b-d3jc",{"micros":522,"calls":["id_created",{"micros":0,"calls":[]},"session_lookup_time",{"micros":224,"calls":[]},"session_lookup_finished",{"micros":20,"calls":[]},"sessions-prd-gcp-us-east1-b-55",{"micros":21}]}]']}}
[2026-08-20 18:32:21] [DEBUG   ] discord.client: Dispatching event socket_event_type
[2026-08-20 18:32:21] [INFO    ] discord.gateway: Shard ID None has successfully RESUMED session 85d98f524cc5f0dc8a124f6253f9dff0.
[2026-08-20 18:32:21] [DEBUG   ] discord.client: Dispatching event resumed
[2026-08-20 18:33:02] [DEBUG   ] discord.gateway: Keeping shard ID None websocket alive with sequence 7.
[2026-08-20 18:33:02] [DEBUG   ] discord.gateway: For Shard ID None: WebSocket Event: {'t': None, 's': None, 'op': 11, 'd': None}
[2026-08-20 18:33:43] [DEBUG   ] discord.gateway: Keeping shard ID None websocket alive with sequence 7.
[2026-08-20 18:33:43] [DEBUG   ] discord.gateway: For Shard ID None: WebSocket Event: {'t': None, 's': None, 'op': 11, 'd': None}
[2026-08-20 18:34:25] [DEBUG   ] discord.gateway: Keeping shard ID None websocket alive with sequence 7.
[2026-08-20 18:34:25] [DEBUG   ] discord.gateway: For Shard ID None: WebSocket Event: {'t': None, 's': None, 'op': 11, 'd': None}
[2026-08-20 18:35:06] [DEBUG   ] discord.gateway: Keeping shard ID None websocket alive with sequence 7.
[2026-08-20 18:35:06] [DEBUG   ] discord.gateway: For Shard ID None: WebSocket Event: {'t': None, 's': None, 'op': 11, 'd': None}
[2026-08-20 18:35:47] [DEBUG   ] discord.gateway: Keeping shard ID None websocket alive with sequence 7.
[2026-08-20 18:35:47] [DEBUG   ] discord.gateway: For Shard ID None: WebSocket Event: {'t': None, 's': None, 'op': 11, 'd': None}
[2026-08-20 18:36:28] [DEBUG   ] discord.gateway: Keeping shard ID None websocket alive with sequence 7.
[2026-08-20 18:36:28] [DEBUG   ] discord.gateway: For Shard ID None: WebSocket Event: {'t': None, 's': None, 'op': 11, 'd': None}
[2026-08-20 18:37:10] [DEBUG   ] discord.gateway: Keeping shard ID None websocket alive with sequence 7.
[2026-08-20 18:37:10] [DEBUG   ] discord.gateway: For Shard ID None: WebSocket Event: {'t': None, 's': None, 'op': 11, 'd': None}
[2026-08-20 18:37:51] [DEBUG   ] discord.gateway: Keeping shard ID None websocket alive with sequence 7.
[2026-08-20 18:37:51] [DEBUG   ] discord.gateway: For Shard ID None: WebSocket Event: {'t': None, 's': None, 'op': 11, 'd': None}
[2026-08-20 18:38:32] [DEBUG   ] discord.gateway: Keeping shard ID None websocket alive with sequence 7.
[2026-08-20 18:38:32] [DEBUG   ] discord.gateway: For Shard ID None: WebSocket Event: {'t': None, 's': None, 'op': 11, 'd': None}
[2026-08-20 18:39:13] [DEBUG   ] discord.gateway: Keeping shard ID None websocket alive with sequence 7.
[2026-08-20 18:39:13] [DEBUG   ] discord.gateway: For Shard ID None: WebSocket Event: {'t': None, 's': None, 'op': 11, 'd': None}
[2026-08-20 18:39:55] [DEBUG   ] discord.gateway: Keeping shard ID None websocket alive with sequence 7.
[2026-08-20 18:39:55] [DEBUG   ] discord.gateway: For Shard ID None: WebSocket Event: {'t': None, 's': None, 'op': 11, 'd': None}
[2026-08-20 18:40:36] [DEBUG   ] discord.gateway: Keeping shard ID None websocket alive with sequence 7.
[2026-08-20 18:40:36] [DEBUG   ] discord.gateway: For Shard ID None: WebSocket Event: {'t': None, 's': None, 'op': 11, 'd': None}
[2026-08-20 18:41:17] [DEBUG   ] discord.gateway: Keeping shard ID None websocket alive with sequence 7.
[2026-08-20 18:41:17] [DEBUG   ] discord.gateway: For Shard ID None: WebSocket Event: {'t': None, 's': None, 'op': 11, 'd': None}
[2026-08-20 18:41:58] [DEBUG   ] discord.gateway: Keeping shard ID None websocket alive with sequence 7.
[2026-08-20 18:41:58] [DEBUG   ] discord.gateway: For Shard ID None: WebSocket Event: {'t': None, 's': None, 'op': 11, 'd': None}
[2026-08-20 18:42:40] [DEBUG   ] discord.gateway: Keeping shard ID None websocket alive with sequence 7.
[2026-08-20 18:42:40] [DEBUG   ] discord.gateway: For Shard ID None: WebSocket Event: {'t': None, 's': None, 'op': 11, 'd': None}
[2026-08-20 18:43:21] [DEBUG   ] discord.gateway: Keeping shard ID None websocket alive with sequence 7.
[2026-08-20 18:43:21] [DEBUG   ] discord.gateway: For Shard ID None: WebSocket Event: {'t': None, 's': None, 'op': 11, 'd': None}
[2026-08-20 18:44:02] [DEBUG   ] discord.gateway: Keeping shard ID None websocket alive with sequence 7.
[2026-08-20 18:44:02] [DEBUG   ] discord.gateway: For Shard ID None: WebSocket Event: {'t': None, 's': None, 'op': 11, 'd': None}
[2026-08-20 18:44:43] [DEBUG   ] discord.gateway: Keeping shard ID None websocket alive with sequence 7.
[2026-08-20 18:44:44] [DEBUG   ] discord.gateway: For Shard ID None: WebSocket Event: {'t': None, 's': None, 'op': 11, 'd': None}
[2026-08-20 18:45:25] [DEBUG   ] discord.gateway: Keeping shard ID None websocket alive with sequence 7.
[2026-08-20 18:45:25] [DEBUG   ] discord.gateway: For Shard ID None: WebSocket Event: {'t': None, 's': None, 'op': 11, 'd': None}
[2026-08-20 18:46:06] [DEBUG   ] discord.gateway: Keeping shard ID None websocket alive with sequence 7.
[2026-08-20 18:46:06] [DEBUG   ] discord.gateway: For Shard ID None: WebSocket Event: {'t': None, 's': None, 'op': 11, 'd': None}
[2026-08-20 18:46:47] [DEBUG   ] discord.gateway: Keeping shard ID None websocket alive with sequence 7.
[2026-08-20 18:46:47] [DEBUG   ] discord.gateway: For Shard ID None: WebSocket Event: {'t': None, 's': None, 'op': 11, 'd': None}
[2026-08-20 18:47:28] [DEBUG   ] discord.gateway: Keeping shard ID None websocket alive with sequence 7.
[2026-08-20 18:47:28] [DEBUG   ] discord.gateway: For Shard ID None: WebSocket Event: {'t': None, 's': None, 'op': 11, 'd': None}
[2026-08-20 18:48:10] [DEBUG   ] discord.gateway: Keeping shard ID None websocket alive with sequence 7.
[2026-08-20 18:48:10] [DEBUG   ] discord.gateway: For Shard ID None: WebSocket Event: {'t': None, 's': None, 'op': 11, 'd': None}
[2026-08-20 18:48:51] [DEBUG   ] discord.gateway: Keeping shard ID None websocket alive with sequence 7.
[2026-08-20 18:48:51] [DEBUG   ] discord.gateway: For Shard ID None: WebSocket Event: {'t': None, 's': None, 'op': 11, 'd': None}
[2026-08-20 18:49:32] [DEBUG   ] discord.gateway: Keeping shard ID None websocket alive with sequence 7.
[2026-08-20 18:49:32] [DEBUG   ] discord.gateway: For Shard ID None: WebSocket Event: {'t': None, 's': None, 'op': 11, 'd': None}
[2026-08-20 18:50:13] [DEBUG   ] discord.gateway: Keeping shard ID None websocket alive with sequence 7.
[2026-08-20 18:50:13] [DEBUG   ] discord.gateway: For Shard ID None: WebSocket Event: {'t': None, 's': None, 'op': 11, 'd': None}
[2026-08-20 18:50:55] [DEBUG   ] discord.gateway: Keeping shard ID None websocket alive with sequence 7.
[2026-08-20 18:50:55] [DEBUG   ] discord.gateway: For Shard ID None: WebSocket Event: {'t': None, 's': None, 'op': 11, 'd': None}
[2026-08-20 18:51:36] [DEBUG   ] discord.gateway: Keeping shard ID None websocket alive with sequence 7.
[2026-08-20 18:51:36] [DEBUG   ] discord.gateway: For Shard ID None: WebSocket Event: {'t': None, 's': None, 'op': 11, 'd': None}
[2026-08-20 18:52:17] [DEBUG   ] discord.gateway: Keeping shard ID None websocket alive with sequence 7.
[2026-08-20 18:52:17] [DEBUG   ] discord.gateway: For Shard ID None: WebSocket Event: {'t': None, 's': None, 'op': 11, 'd': None}
[2026-08-20 18:52:58] [DEBUG   ] discord.gateway: Keeping shard ID None websocket alive with sequence 7.
[2026-08-20 18:52:59] [DEBUG   ] discord.gateway: For Shard ID None: WebSocket Event: {'t': None, 's': None, 'op': 11, 'd': None}
[2026-08-20 18:53:40] [DEBUG   ] discord.gateway: Keeping shard ID None websocket alive with sequence 7.
[2026-08-20 18:53:40] [DEBUG   ] discord.gateway: For Shard ID None: WebSocket Event: {'t': None, 's': None, 'op': 11, 'd': None}
[2026-08-20 18:54:21] [DEBUG   ] discord.gateway: Keeping shard ID None websocket alive with sequence 7.
[2026-08-20 18:54:21] [DEBUG   ] discord.gateway: For Shard ID None: WebSocket Event: {'t': None, 's': None, 'op': 11, 'd': None}
[2026-08-20 18:55:02] [DEBUG   ] discord.gateway: Keeping shard ID None websocket alive with sequence 7.
[2026-08-20 18:55:02] [DEBUG   ] discord.gateway: For Shard ID None: WebSocket Event: {'t': None, 's': None, 'op': 11, 'd': None}
[2026-08-20 18:55:44] [DEBUG   ] discord.gateway: Keeping shard ID None websocket alive with sequence 7.
[2026-08-20 18:55:44] [DEBUG   ] discord.gateway: For Shard ID None: WebSocket Event: {'t': None, 's': None, 'op': 11, 'd': None}
[2026-08-20 18:56:25] [DEBUG   ] discord.gateway: Keeping shard ID None websocket alive with sequence 7.
[2026-08-20 18:56:25] [DEBUG   ] discord.gateway: For Shard ID None: WebSocket Event: {'t': None, 's': None, 'op': 11, 'd': None}
[2026-08-20 18:57:06] [DEBUG   ] discord.gateway: Keeping shard ID None websocket alive with sequence 7.
[2026-08-20 18:57:06] [DEBUG   ] discord.gateway: For Shard ID None: WebSocket Event: {'t': None, 's': None, 'op': 11, 'd': None}
[2026-08-20 18:57:47] [DEBUG   ] discord.gateway: Keeping shard ID None websocket alive with sequence 7.
[2026-08-20 18:57:47] [DEBUG   ] discord.gateway: For Shard ID None: WebSocket Event: {'t': None, 's': None, 'op': 11, 'd': None}
[2026-08-20 18:58:29] [DEBUG   ] discord.gateway: Keeping shard ID None websocket alive with sequence 7.
[2026-08-20 18:58:29] [DEBUG   ] discord.gateway: For Shard ID None: WebSocket Event: {'t': None, 's': None, 'op': 11, 'd': None}
[2026-08-20 18:59:10] [DEBUG   ] discord.gateway: Keeping shard ID None websocket alive with sequence 7.
[2026-08-20 18:59:10] [DEBUG   ] discord.gateway: For Shard ID None: WebSocket Event: {'t': None, 's': None, 'op': 11, 'd': None}
[2026-08-20 18:59:51] [DEBUG   ] discord.gateway: Keeping shard ID None websocket alive with sequence 7.
[2026-08-20 18:59:51] [DEBUG   ] discord.gateway: For Shard ID None: WebSocket Event: {'t': None, 's': None, 'op': 11, 'd': None}
[2026-08-20 19:00:32] [DEBUG   ] discord.gateway: Keeping shard ID None websocket alive with sequence 7.
[2026-08-20 19:00:32] [DEBUG   ] discord.gateway: For Shard ID None: WebSocket Event: {'t': None, 's': None, 'op': 11, 'd': None}
[2026-08-20 19:01:14] [DEBUG   ] discord.gateway: Keeping shard ID None websocket alive with sequence 7.
[2026-08-20 19:01:14] [DEBUG   ] discord.gateway: For Shard ID None: WebSocket Event: {'t': None, 's': None, 'op': 11, 'd': None}
[2026-08-20 19:01:55] [DEBUG   ] discord.gateway: Keeping shard ID None websocket alive with sequence 7.
[2026-08-20 19:01:55] [DEBUG   ] discord.gateway: For Shard ID None: WebSocket Event: {'t': None, 's': None, 'op': 11, 'd': None}
[2026-08-20 19:02:36] [DEBUG   ] discord.gateway: Keeping shard ID None websocket alive with sequence 7.
[2026-08-20 19:02:36] [DEBUG   ] discord.gateway: For Shard ID None: WebSocket Event: {'t': None, 's': None, 'op': 11, 'd': None}
[2026-08-20 19:03:17] [DEBUG   ] discord.gateway: Keeping shard ID None websocket alive with sequence 7.
[2026-08-20 19:03:17] [DEBUG   ] discord.gateway: For Shard ID None: WebSocket Event: {'t': None, 's': None, 'op': 11, 'd': None}
[2026-08-20 19:03:59] [DEBUG   ] discord.gateway: Keeping shard ID None websocket alive with sequence 7.
[2026-08-20 19:03:59] [DEBUG   ] discord.gateway: For Shard ID None: WebSocket Event: {'t': None, 's': None, 'op': 11, 'd': None}
[2026-08-20 19:04:40] [DEBUG   ] discord.gateway: Keeping shard ID None websocket alive with sequence 7.
[2026-08-20 19:04:40] [DEBUG   ] discord.gateway: For Shard ID None: WebSocket Event: {'t': None, 's': None, 'op': 11, 'd': None}
[2026-08-20 19:05:21] [DEBUG   ] discord.gateway: Keeping shard ID None websocket alive with sequence 7.
[2026-08-20 19:05:21] [DEBUG   ] discord.gateway: For Shard ID None: WebSocket Event: {'t': None, 's': None, 'op': 11, 'd': None}
[2026-08-20 19:06:02] [DEBUG   ] discord.gateway: Keeping shard ID None websocket alive with sequence 7.
[2026-08-20 19:06:02] [DEBUG   ] discord.gateway: For Shard ID None: WebSocket Event: {'t': None, 's': None, 'op': 11, 'd': None}
[2026-08-20 19:06:44] [DEBUG   ] discord.gateway: Keeping shard ID None websocket alive with sequence 7.
[2026-08-20 19:06:44] [DEBUG   ] discord.gateway: For Shard ID None: WebSocket Event: {'t': None, 's': None, 'op': 11, 'd': None}
[2026-08-20 19:07:25] [DEBUG   ] discord.gateway: Keeping shard ID None websocket alive with sequence 7.
[2026-08-20 19:07:25] [DEBUG   ] discord.gateway: For Shard ID None: WebSocket Event: {'t': None, 's': None, 'op': 11, 'd': None}
[2026-08-20 19:08:06] [DEBUG   ] discord.gateway: Keeping shard ID None websocket alive with sequence 7.
[2026-08-20 19:08:06] [DEBUG   ] discord.gateway: For Shard ID None: WebSocket Event: {'t': None, 's': None, 'op': 11, 'd': None}
[2026-08-20 19:08:47] [DEBUG   ] discord.gateway: Keeping shard ID None websocket alive with sequence 7.
[2026-08-20 19:08:47] [DEBUG   ] discord.gateway: For Shard ID None: WebSocket Event: {'t': None, 's': None, 'op': 11, 'd': None}
[2026-08-20 19:09:29] [DEBUG   ] discord.gateway: Keeping shard ID None websocket alive with sequence 7.
[2026-08-20 19:09:29] [DEBUG   ] discord.gateway: For Shard ID None: WebSocket Event: {'t': None, 's': None, 'op': 11, 'd': None}
[2026-08-20 19:10:10] [DEBUG   ] discord.gateway: Keeping shard ID None websocket alive with sequence 7.
[2026-08-20 19:10:10] [DEBUG   ] discord.gateway: For Shard ID None: WebSocket Event: {'t': None, 's': None, 'op': 11, 'd': None}
[2026-08-20 19:10:51] [DEBUG   ] discord.gateway: Keeping shard ID None websocket alive with sequence 7.
[2026-08-20 19:10:51] [DEBUG   ] discord.gateway: For Shard ID None: WebSocket Event: {'t': None, 's': None, 'op': 11, 'd': None}
[2026-08-20 19:11:32] [DEBUG   ] discord.gateway: Keeping shard ID None websocket alive with sequence 7.
[2026-08-20 19:11:33] [DEBUG   ] discord.gateway: For Shard ID None: WebSocket Event: {'t': None, 's': None, 'op': 11, 'd': None}
[2026-08-20 19:12:14] [DEBUG   ] discord.gateway: Keeping shard ID None websocket alive with sequence 7.
[2026-08-20 19:12:14] [DEBUG   ] discord.gateway: For Shard ID None: WebSocket Event: {'t': None, 's': None, 'op': 11, 'd': None}
[2026-08-20 19:12:55] [DEBUG   ] discord.gateway: Keeping shard ID None websocket alive with sequence 7.
[2026-08-20 19:12:55] [DEBUG   ] discord.gateway: For Shard ID None: WebSocket Event: {'t': None, 's': None, 'op': 11, 'd': None}
[2026-08-20 19:13:36] [DEBUG   ] discord.gateway: Keeping shard ID None websocket alive with sequence 7.
[2026-08-20 19:13:36] [DEBUG   ] discord.gateway: For Shard ID None: WebSocket Event: {'t': None, 's': None, 'op': 11, 'd': None}
[2026-08-20 19:14:18] [DEBUG   ] discord.gateway: Keeping shard ID None websocket alive with sequence 7.
[2026-08-20 19:14:18] [DEBUG   ] discord.gateway: For Shard ID None: WebSocket Event: {'t': None, 's': None, 'op': 11, 'd': None}
[2026-08-20 19:14:59] [DEBUG   ] discord.gateway: Keeping shard ID None websocket alive with sequence 7.
[2026-08-20 19:14:59] [DEBUG   ] discord.gateway: For Shard ID None: WebSocket Event: {'t': None, 's': None, 'op': 11, 'd': None}
[2026-08-20 19:15:18] [DEBUG   ] discord.gateway: Received WSMessage(type=<WSMsgType.CLOSED: 257>, data=None, extra=None)
[2026-08-20 19:15:18] [DEBUG   ] discord.gateway: Websocket closed with 1006, attempting a reconnect.
[2026-08-20 19:15:18] [DEBUG   ] discord.client: Got a request to RESUME the websocket.
[2026-08-20 19:15:18] [DEBUG   ] discord.client: Dispatching event disconnect
[2026-08-20 19:15:19] [DEBUG   ] discord.gateway: Created websocket connected to wss://gateway-us-east1-b.discord.gg
[2026-08-20 19:15:19] [DEBUG   ] discord.gateway: For Shard ID None: WebSocket Event: {'t': None, 's': None, 'op': 10, 'd': {'heartbeat_interval': 41250, '_trace': ['["gateway-prd-arm-us-east1-b-b57h",{"micros":0.0}]']}}
[2026-08-20 19:15:19] [DEBUG   ] discord.gateway: Shard ID None has sent the RESUME payload.
[2026-08-20 19:15:19] [DEBUG   ] discord.gateway: For Shard ID None: WebSocket Event: {'t': None, 's': None, 'op': 11, 'd': None}
[2026-08-20 19:15:19] [DEBUG   ] discord.gateway: For Shard ID None: WebSocket Event: {'t': 'RESUMED', 's': 8, 'op': 0, 'd': {'_trace': ['["gateway-prd-arm-us-east1-b-b57h",{"micros":1045,"calls":["id_created",{"micros":0,"calls":[]},"session_lookup_time",{"micros":782,"calls":[]},"session_lookup_finished",{"micros":11,"calls":[]},"sessions-prd-gcp-us-east1-b-55",{"micros":23}]}]']}}
[2026-08-20 19:15:19] [DEBUG   ] discord.client: Dispatching event socket_event_type
[2026-08-20 19:15:19] [INFO    ] discord.gateway: Shard ID None has successfully RESUMED session 85d98f524cc5f0dc8a124f6253f9dff0.
[2026-08-20 19:15:19] [DEBUG   ] discord.client: Dispatching event resumed
[2026-08-20 19:16:00] [DEBUG   ] discord.gateway: Keeping shard ID None websocket alive with sequence 8.
[2026-08-20 19:16:00] [DEBUG   ] discord.gateway: For Shard ID None: WebSocket Event: {'t': None, 's': None, 'op': 11, 'd': None}
[2026-08-20 19:16:41] [DEBUG   ] discord.gateway: Keeping shard ID None websocket alive with sequence 8.
[2026-08-20 19:16:41] [DEBUG   ] discord.gateway: For Shard ID None: WebSocket Event: {'t': None, 's': None, 'op': 11, 'd': None}
[2026-08-20 19:17:22] [DEBUG   ] discord.gateway: Keeping shard ID None websocket alive with sequence 8.
[2026-08-20 19:17:22] [DEBUG   ] discord.gateway: For Shard ID None: WebSocket Event: {'t': None, 's': None, 'op': 11, 'd': None}
[2026-08-20 19:18:04] [DEBUG   ] discord.gateway: Keeping shard ID None websocket alive with sequence 8.
[2026-08-20 19:18:04] [DEBUG   ] discord.gateway: For Shard ID None: WebSocket Event: {'t': None, 's': None, 'op': 11, 'd': None}
[2026-08-20 19:18:45] [DEBUG   ] discord.gateway: Keeping shard ID None websocket alive with sequence 8.
[2026-08-20 19:18:45] [DEBUG   ] discord.gateway: For Shard ID None: WebSocket Event: {'t': None, 's': None, 'op': 11, 'd': None}
[2026-08-20 19:19:26] [DEBUG   ] discord.gateway: Keeping shard ID None websocket alive with sequence 8.
[2026-08-20 19:19:26] [DEBUG   ] discord.gateway: For Shard ID None: WebSocket Event: {'t': None, 's': None, 'op': 11, 'd': None}
[2026-08-20 19:20:07] [DEBUG   ] discord.gateway: Keeping shard ID None websocket alive with sequence 8.
[2026-08-20 19:20:07] [DEBUG   ] discord.gateway: For Shard ID None: WebSocket Event: {'t': None, 's': None, 'op': 11, 'd': None}
[2026-08-20 19:20:49] [DEBUG   ] discord.gateway: Keeping shard ID None websocket alive with sequence 8.
[2026-08-20 19:20:49] [DEBUG   ] discord.gateway: For Shard ID None: WebSocket Event: {'t': None, 's': None, 'op': 11, 'd': None}
[2026-08-20 19:21:30] [DEBUG   ] discord.gateway: Keeping shard ID None websocket alive with sequence 8.
[2026-08-20 19:21:30] [DEBUG   ] discord.gateway: For Shard ID None: WebSocket Event: {'t': None, 's': None, 'op': 11, 'd': None}
[2026-08-20 19:22:11] [DEBUG   ] discord.gateway: Keeping shard ID None websocket alive with sequence 8.
[2026-08-20 19:22:11] [DEBUG   ] discord.gateway: For Shard ID None: WebSocket Event: {'t': None, 's': None, 'op': 11, 'd': None}
[2026-08-20 19:22:52] [DEBUG   ] discord.gateway: Keeping shard ID None websocket alive with sequence 8.
[2026-08-20 19:22:52] [DEBUG   ] discord.gateway: For Shard ID None: WebSocket Event: {'t': None, 's': None, 'op': 11, 'd': None}
[2026-08-20 19:23:34] [DEBUG   ] discord.gateway: Keeping shard ID None websocket alive with sequence 8.
[2026-08-20 19:23:34] [DEBUG   ] discord.gateway: For Shard ID None: WebSocket Event: {'t': None, 's': None, 'op': 11, 'd': None}
[2026-08-20 19:24:15] [DEBUG   ] discord.gateway: Keeping shard ID None websocket alive with sequence 8.
[2026-08-20 19:24:15] [DEBUG   ] discord.gateway: For Shard ID None: WebSocket Event: {'t': None, 's': None, 'op': 11, 'd': None}
[2026-08-20 19:24:56] [DEBUG   ] discord.gateway: Keeping shard ID None websocket alive with sequence 8.
[2026-08-20 19:24:56] [DEBUG   ] discord.gateway: For Shard ID None: WebSocket Event: {'t': None, 's': None, 'op': 11, 'd': None}
[2026-08-20 19:25:37] [DEBUG   ] discord.gateway: Keeping shard ID None websocket alive with sequence 8.
[2026-08-20 19:25:38] [DEBUG   ] discord.gateway: For Shard ID None: WebSocket Event: {'t': None, 's': None, 'op': 11, 'd': None}
[2026-08-20 19:26:19] [DEBUG   ] discord.gateway: Keeping shard ID None websocket alive with sequence 8.
[2026-08-20 19:26:19] [DEBUG   ] discord.gateway: For Shard ID None: WebSocket Event: {'t': None, 's': None, 'op': 11, 'd': None}
[2026-08-20 19:27:00] [DEBUG   ] discord.gateway: Keeping shard ID None websocket alive with sequence 8.
[2026-08-20 19:27:00] [DEBUG   ] discord.gateway: For Shard ID None: WebSocket Event: {'t': None, 's': None, 'op': 11, 'd': None}
[2026-08-20 19:27:41] [DEBUG   ] discord.gateway: Keeping shard ID None websocket alive with sequence 8.
[2026-08-20 19:27:41] [DEBUG   ] discord.gateway: For Shard ID None: WebSocket Event: {'t': None, 's': None, 'op': 11, 'd': None}
[2026-08-20 19:28:22] [DEBUG   ] discord.gateway: Keeping shard ID None websocket alive with sequence 8.
[2026-08-20 19:28:23] [DEBUG   ] discord.gateway: For Shard ID None: WebSocket Event: {'t': None, 's': None, 'op': 11, 'd': None}
[2026-08-20 19:29:04] [DEBUG   ] discord.gateway: Keeping shard ID None websocket alive with sequence 8.
[2026-08-20 19:29:04] [DEBUG   ] discord.gateway: For Shard ID None: WebSocket Event: {'t': None, 's': None, 'op': 11, 'd': None}
[2026-08-20 19:29:45] [DEBUG   ] discord.gateway: Keeping shard ID None websocket alive with sequence 8.
[2026-08-20 19:29:45] [DEBUG   ] discord.gateway: For Shard ID None: WebSocket Event: {'t': None, 's': None, 'op': 11, 'd': None}
[2026-08-20 19:30:26] [DEBUG   ] discord.gateway: Keeping shard ID None websocket alive with sequence 8.
[2026-08-20 19:30:26] [DEBUG   ] discord.gateway: For Shard ID None: WebSocket Event: {'t': None, 's': None, 'op': 11, 'd': None}
[2026-08-20 19:31:08] [DEBUG   ] discord.gateway: Keeping shard ID None websocket alive with sequence 8.
[2026-08-20 19:31:08] [DEBUG   ] discord.gateway: For Shard ID None: WebSocket Event: {'t': None, 's': None, 'op': 11, 'd': None}
[2026-08-20 19:31:49] [DEBUG   ] discord.gateway: Keeping shard ID None websocket alive with sequence 8.
[2026-08-20 19:31:49] [DEBUG   ] discord.gateway: For Shard ID None: WebSocket Event: {'t': None, 's': None, 'op': 11, 'd': None}
[2026-08-20 19:32:30] [DEBUG   ] discord.gateway: Keeping shard ID None websocket alive with sequence 8.
[2026-08-20 19:32:30] [DEBUG   ] discord.gateway: For Shard ID None: WebSocket Event: {'t': None, 's': None, 'op': 11, 'd': None}
[2026-08-20 19:33:11] [DEBUG   ] discord.gateway: Keeping shard ID None websocket alive with sequence 8.
[2026-08-20 19:33:11] [DEBUG   ] discord.gateway: For Shard ID None: WebSocket Event: {'t': None, 's': None, 'op': 11, 'd': None}
[2026-08-20 19:33:53] [DEBUG   ] discord.gateway: Keeping shard ID None websocket alive with sequence 8.
[2026-08-20 19:33:53] [DEBUG   ] discord.gateway: For Shard ID None: WebSocket Event: {'t': None, 's': None, 'op': 11, 'd': None}
[2026-08-20 19:34:34] [DEBUG   ] discord.gateway: Keeping shard ID None websocket alive with sequence 8.
[2026-08-20 19:34:34] [DEBUG   ] discord.gateway: For Shard ID None: WebSocket Event: {'t': None, 's': None, 'op': 11, 'd': None}
[2026-08-20 19:35:15] [DEBUG   ] discord.gateway: Keeping shard ID None websocket alive with sequence 8.
[2026-08-20 19:35:15] [DEBUG   ] discord.gateway: For Shard ID None: WebSocket Event: {'t': None, 's': None, 'op': 11, 'd': None}
[2026-08-20 19:35:56] [DEBUG   ] discord.gateway: Keeping shard ID None websocket alive with sequence 8.
[2026-08-20 19:35:56] [DEBUG   ] discord.gateway: For Shard ID None: WebSocket Event: {'t': None, 's': None, 'op': 11, 'd': None}
[2026-08-20 19:36:38] [DEBUG   ] discord.gateway: Keeping shard ID None websocket alive with sequence 8.
[2026-08-20 19:36:38] [DEBUG   ] discord.gateway: For Shard ID None: WebSocket Event: {'t': None, 's': None, 'op': 11, 'd': None}
[2026-08-20 19:37:19] [DEBUG   ] discord.gateway: Keeping shard ID None websocket alive with sequence 8.
[2026-08-20 19:37:19] [DEBUG   ] discord.gateway: For Shard ID None: WebSocket Event: {'t': None, 's': None, 'op': 11, 'd': None}
[2026-08-20 19:38:00] [DEBUG   ] discord.gateway: Keeping shard ID None websocket alive with sequence 8.
[2026-08-20 19:38:00] [DEBUG   ] discord.gateway: For Shard ID None: WebSocket Event: {'t': None, 's': None, 'op': 11, 'd': None}
[2026-08-20 19:38:41] [DEBUG   ] discord.gateway: Keeping shard ID None websocket alive with sequence 8.
[2026-08-20 19:38:41] [DEBUG   ] discord.gateway: For Shard ID None: WebSocket Event: {'t': None, 's': None, 'op': 11, 'd': None}
[2026-08-20 19:39:23] [DEBUG   ] discord.gateway: Keeping shard ID None websocket alive with sequence 8.
[2026-08-20 19:39:23] [DEBUG   ] discord.gateway: For Shard ID None: WebSocket Event: {'t': None, 's': None, 'op': 11, 'd': None}
[2026-08-20 19:40:04] [DEBUG   ] discord.gateway: Keeping shard ID None websocket alive with sequence 8.
[2026-08-20 19:40:04] [DEBUG   ] discord.gateway: For Shard ID None: WebSocket Event: {'t': None, 's': None, 'op': 11, 'd': None}
[2026-08-20 19:40:45] [DEBUG   ] discord.gateway: Keeping shard ID None websocket alive with sequence 8.
[2026-08-20 19:40:45] [DEBUG   ] discord.gateway: For Shard ID None: WebSocket Event: {'t': None, 's': None, 'op': 11, 'd': None}
[2026-08-20 19:41:26] [DEBUG   ] discord.gateway: Keeping shard ID None websocket alive with sequence 8.
[2026-08-20 19:41:26] [DEBUG   ] discord.gateway: For Shard ID None: WebSocket Event: {'t': None, 's': None, 'op': 11, 'd': None}
[2026-08-20 19:42:08] [DEBUG   ] discord.gateway: Keeping shard ID None websocket alive with sequence 8.
[2026-08-20 19:42:08] [DEBUG   ] discord.gateway: For Shard ID None: WebSocket Event: {'t': None, 's': None, 'op': 11, 'd': None}
[2026-08-20 19:42:49] [DEBUG   ] discord.gateway: Keeping shard ID None websocket alive with sequence 8.
[2026-08-20 19:42:49] [DEBUG   ] discord.gateway: For Shard ID None: WebSocket Event: {'t': None, 's': None, 'op': 11, 'd': None}
[2026-08-20 19:43:30] [DEBUG   ] discord.gateway: Keeping shard ID None websocket alive with sequence 8.
[2026-08-20 19:43:30] [DEBUG   ] discord.gateway: For Shard ID None: WebSocket Event: {'t': None, 's': None, 'op': 11, 'd': None}
[2026-08-20 19:44:11] [DEBUG   ] discord.gateway: Keeping shard ID None websocket alive with sequence 8.
[2026-08-20 19:44:11] [DEBUG   ] discord.gateway: For Shard ID None: WebSocket Event: {'t': None, 's': None, 'op': 11, 'd': None}
[2026-08-20 19:44:53] [DEBUG   ] discord.gateway: Keeping shard ID None websocket alive with sequence 8.
[2026-08-20 19:44:53] [DEBUG   ] discord.gateway: For Shard ID None: WebSocket Event: {'t': None, 's': None, 'op': 11, 'd': None}
[2026-08-20 19:45:34] [DEBUG   ] discord.gateway: Keeping shard ID None websocket alive with sequence 8.
[2026-08-20 19:45:34] [DEBUG   ] discord.gateway: For Shard ID None: WebSocket Event: {'t': None, 's': None, 'op': 11, 'd': None}
[2026-08-20 19:46:15] [DEBUG   ] discord.gateway: Keeping shard ID None websocket alive with sequence 8.
[2026-08-20 19:46:15] [DEBUG   ] discord.gateway: For Shard ID None: WebSocket Event: {'t': None, 's': None, 'op': 11, 'd': None}
[2026-08-20 19:46:56] [DEBUG   ] discord.gateway: Keeping shard ID None websocket alive with sequence 8.
[2026-08-20 19:46:57] [DEBUG   ] discord.gateway: For Shard ID None: WebSocket Event: {'t': None, 's': None, 'op': 11, 'd': None}
[2026-08-20 19:47:38] [DEBUG   ] discord.gateway: Keeping shard ID None websocket alive with sequence 8.
[2026-08-20 19:47:38] [DEBUG   ] discord.gateway: For Shard ID None: WebSocket Event: {'t': None, 's': None, 'op': 11, 'd': None}
[2026-08-20 19:48:19] [DEBUG   ] discord.gateway: Keeping shard ID None websocket alive with sequence 8.
[2026-08-20 19:48:19] [DEBUG   ] discord.gateway: For Shard ID None: WebSocket Event: {'t': None, 's': None, 'op': 11, 'd': None}
[2026-08-20 19:49:00] [DEBUG   ] discord.gateway: Keeping shard ID None websocket alive with sequence 8.
[2026-08-20 19:49:00] [DEBUG   ] discord.gateway: For Shard ID None: WebSocket Event: {'t': None, 's': None, 'op': 11, 'd': None}
[2026-08-20 19:49:42] [DEBUG   ] discord.gateway: Keeping shard ID None websocket alive with sequence 8.
[2026-08-20 19:49:42] [DEBUG   ] discord.gateway: For Shard ID None: WebSocket Event: {'t': None, 's': None, 'op': 11, 'd': None}
[2026-08-20 19:50:23] [DEBUG   ] discord.gateway: Keeping shard ID None websocket alive with sequence 8.
[2026-08-20 19:50:23] [DEBUG   ] discord.gateway: For Shard ID None: WebSocket Event: {'t': None, 's': None, 'op': 11, 'd': None}
[2026-08-20 19:51:04] [DEBUG   ] discord.gateway: Keeping shard ID None websocket alive with sequence 8.
[2026-08-20 19:51:04] [DEBUG   ] discord.gateway: For Shard ID None: WebSocket Event: {'t': None, 's': None, 'op': 11, 'd': None}
[2026-08-20 19:51:45] [DEBUG   ] discord.gateway: Keeping shard ID None websocket alive with sequence 8.
[2026-08-20 19:51:45] [DEBUG   ] discord.gateway: For Shard ID None: WebSocket Event: {'t': None, 's': None, 'op': 11, 'd': None}
[2026-08-20 19:52:27] [DEBUG   ] discord.gateway: Keeping shard ID None websocket alive with sequence 8.
[2026-08-20 19:52:27] [DEBUG   ] discord.gateway: For Shard ID None: WebSocket Event: {'t': None, 's': None, 'op': 11, 'd': None}
[2026-08-20 19:53:08] [DEBUG   ] discord.gateway: Keeping shard ID None websocket alive with sequence 8.
[2026-08-20 19:53:08] [DEBUG   ] discord.gateway: For Shard ID None: WebSocket Event: {'t': None, 's': None, 'op': 11, 'd': None}
[2026-08-20 19:53:49] [DEBUG   ] discord.gateway: Keeping shard ID None websocket alive with sequence 8.
[2026-08-20 19:53:49] [DEBUG   ] discord.gateway: For Shard ID None: WebSocket Event: {'t': None, 's': None, 'op': 11, 'd': None}
[2026-08-20 19:54:30] [DEBUG   ] discord.gateway: Keeping shard ID None websocket alive with sequence 8.
[2026-08-20 19:54:30] [DEBUG   ] discord.gateway: For Shard ID None: WebSocket Event: {'t': None, 's': None, 'op': 11, 'd': None}
[2026-08-20 19:55:12] [DEBUG   ] discord.gateway: Keeping shard ID None websocket alive with sequence 8.
[2026-08-20 19:55:12] [DEBUG   ] discord.gateway: For Shard ID None: WebSocket Event: {'t': None, 's': None, 'op': 11, 'd': None}
[2026-08-20 19:55:53] [DEBUG   ] discord.gateway: Keeping shard ID None websocket alive with sequence 8.
[2026-08-20 19:55:53] [DEBUG   ] discord.gateway: For Shard ID None: WebSocket Event: {'t': None, 's': None, 'op': 11, 'd': None}
[2026-08-20 19:56:34] [DEBUG   ] discord.gateway: Keeping shard ID None websocket alive with sequence 8.
[2026-08-20 19:56:34] [DEBUG   ] discord.gateway: For Shard ID None: WebSocket Event: {'t': None, 's': None, 'op': 11, 'd': None}
[2026-08-20 19:57:15] [DEBUG   ] discord.gateway: Keeping shard ID None websocket alive with sequence 8.
[2026-08-20 19:57:15] [DEBUG   ] discord.gateway: For Shard ID None: WebSocket Event: {'t': None, 's': None, 'op': 11, 'd': None}
[2026-08-20 19:57:57] [DEBUG   ] discord.gateway: Keeping shard ID None websocket alive with sequence 8.
[2026-08-20 19:57:57] [DEBUG   ] discord.gateway: For Shard ID None: WebSocket Event: {'t': None, 's': None, 'op': 11, 'd': None}
[2026-08-20 19:58:38] [DEBUG   ] discord.gateway: Keeping shard ID None websocket alive with sequence 8.
[2026-08-20 19:58:38] [DEBUG   ] discord.gateway: For Shard ID None: WebSocket Event: {'t': None, 's': None, 'op': 11, 'd': None}
[2026-08-20 19:59:19] [DEBUG   ] discord.gateway: Keeping shard ID None websocket alive with sequence 8.
[2026-08-20 19:59:19] [DEBUG   ] discord.gateway: For Shard ID None: WebSocket Event: {'t': None, 's': None, 'op': 11, 'd': None}
[2026-08-20 20:00:00] [DEBUG   ] discord.gateway: Keeping shard ID None websocket alive with sequence 8.
[2026-08-20 20:00:00] [DEBUG   ] discord.gateway: For Shard ID None: WebSocket Event: {'t': None, 's': None, 'op': 11, 'd': None}
[2026-08-20 20:00:42] [DEBUG   ] discord.gateway: Keeping shard ID None websocket alive with sequence 8.
[2026-08-20 20:00:42] [DEBUG   ] discord.gateway: For Shard ID None: WebSocket Event: {'t': None, 's': None, 'op': 11, 'd': None}
[2026-08-20 20:01:23] [DEBUG   ] discord.gateway: Keeping shard ID None websocket alive with sequence 8.
[2026-08-20 20:01:23] [DEBUG   ] discord.gateway: For Shard ID None: WebSocket Event: {'t': None, 's': None, 'op': 11, 'd': None}
[2026-08-20 20:02:04] [DEBUG   ] discord.gateway: Keeping shard ID None websocket alive with sequence 8.
[2026-08-20 20:02:04] [DEBUG   ] discord.gateway: For Shard ID None: WebSocket Event: {'t': None, 's': None, 'op': 11, 'd': None}
[2026-08-20 20:02:45] [DEBUG   ] discord.gateway: Keeping shard ID None websocket alive with sequence 8.
[2026-08-20 20:02:45] [DEBUG   ] discord.gateway: For Shard ID None: WebSocket Event: {'t': None, 's': None, 'op': 11, 'd': None}
[2026-08-20 20:03:27] [DEBUG   ] discord.gateway: Keeping shard ID None websocket alive with sequence 8.
[2026-08-20 20:03:27] [DEBUG   ] discord.gateway: For Shard ID None: WebSocket Event: {'t': None, 's': None, 'op': 11, 'd': None}
[2026-08-20 20:04:08] [DEBUG   ] discord.gateway: Keeping shard ID None websocket alive with sequence 8.
[2026-08-20 20:04:08] [DEBUG   ] discord.gateway: For Shard ID None: WebSocket Event: {'t': None, 's': None, 'op': 11, 'd': None}
[2026-08-20 20:04:49] [DEBUG   ] discord.gateway: Keeping shard ID None websocket alive with sequence 8.
[2026-08-20 20:04:49] [DEBUG   ] discord.gateway: For Shard ID None: WebSocket Event: {'t': None, 's': None, 'op': 11, 'd': None}
[2026-08-20 20:05:30] [DEBUG   ] discord.gateway: Keeping shard ID None websocket alive with sequence 8.
[2026-08-20 20:05:30] [DEBUG   ] discord.gateway: For Shard ID None: WebSocket Event: {'t': None, 's': None, 'op': 11, 'd': None}
[2026-08-20 20:06:12] [DEBUG   ] discord.gateway: Keeping shard ID None websocket alive with sequence 8.
[2026-08-20 20:06:12] [DEBUG   ] discord.gateway: For Shard ID None: WebSocket Event: {'t': None, 's': None, 'op': 11, 'd': None}
[2026-08-20 20:06:53] [DEBUG   ] discord.gateway: Keeping shard ID None websocket alive with sequence 8.
[2026-08-20 20:06:53] [DEBUG   ] discord.gateway: For Shard ID None: WebSocket Event: {'t': None, 's': None, 'op': 11, 'd': None}
[2026-08-20 20:07:34] [DEBUG   ] discord.gateway: Keeping shard ID None websocket alive with sequence 8.
[2026-08-20 20:07:34] [DEBUG   ] discord.gateway: For Shard ID None: WebSocket Event: {'t': None, 's': None, 'op': 11, 'd': None}
[2026-08-20 20:08:15] [DEBUG   ] discord.gateway: Keeping shard ID None websocket alive with sequence 8.
[2026-08-20 20:08:16] [DEBUG   ] discord.gateway: For Shard ID None: WebSocket Event: {'t': None, 's': None, 'op': 11, 'd': None}
[2026-08-20 20:08:57] [DEBUG   ] discord.gateway: Keeping shard ID None websocket alive with sequence 8.
[2026-08-20 20:08:57] [DEBUG   ] discord.gateway: For Shard ID None: WebSocket Event: {'t': None, 's': None, 'op': 11, 'd': None}
[2026-08-20 20:09:38] [DEBUG   ] discord.gateway: Keeping shard ID None websocket alive with sequence 8.
[2026-08-20 20:09:38] [DEBUG   ] discord.gateway: For Shard ID None: WebSocket Event: {'t': None, 's': None, 'op': 11, 'd': None}
[2026-08-20 20:10:19] [DEBUG   ] discord.gateway: Keeping shard ID None websocket alive with sequence 8.
[2026-08-20 20:10:19] [DEBUG   ] discord.gateway: For Shard ID None: WebSocket Event: {'t': None, 's': None, 'op': 11, 'd': None}
[2026-08-20 20:11:01] [DEBUG   ] discord.gateway: Keeping shard ID None websocket alive with sequence 8.
[2026-08-20 20:11:01] [DEBUG   ] discord.gateway: For Shard ID None: WebSocket Event: {'t': None, 's': None, 'op': 11, 'd': None}
[2026-08-20 20:11:42] [DEBUG   ] discord.gateway: Keeping shard ID None websocket alive with sequence 8.
[2026-08-20 20:11:42] [DEBUG   ] discord.gateway: For Shard ID None: WebSocket Event: {'t': None, 's': None, 'op': 11, 'd': None}
[2026-08-20 20:12:23] [DEBUG   ] discord.gateway: Keeping shard ID None websocket alive with sequence 8.
[2026-08-20 20:12:23] [DEBUG   ] discord.gateway: For Shard ID None: WebSocket Event: {'t': None, 's': None, 'op': 11, 'd': None}
[2026-08-20 20:13:04] [DEBUG   ] discord.gateway: Keeping shard ID None websocket alive with sequence 8.
[2026-08-20 20:13:04] [DEBUG   ] discord.gateway: For Shard ID None: WebSocket Event: {'t': None, 's': None, 'op': 11, 'd': None}
[2026-08-20 20:13:46] [DEBUG   ] discord.gateway: Keeping shard ID None websocket alive with sequence 8.
[2026-08-20 20:13:46] [DEBUG   ] discord.gateway: For Shard ID None: WebSocket Event: {'t': None, 's': None, 'op': 11, 'd': None}
[2026-08-20 20:14:27] [DEBUG   ] discord.gateway: Keeping shard ID None websocket alive with sequence 8.
[2026-08-20 20:14:27] [DEBUG   ] discord.gateway: For Shard ID None: WebSocket Event: {'t': None, 's': None, 'op': 11, 'd': None}
[2026-08-20 20:15:08] [DEBUG   ] discord.gateway: Keeping shard ID None websocket alive with sequence 8.
[2026-08-20 20:15:08] [DEBUG   ] discord.gateway: For Shard ID None: WebSocket Event: {'t': None, 's': None, 'op': 11, 'd': None}
[2026-08-20 20:15:49] [DEBUG   ] discord.gateway: Keeping shard ID None websocket alive with sequence 8.
[2026-08-20 20:15:49] [DEBUG   ] discord.gateway: For Shard ID None: WebSocket Event: {'t': None, 's': None, 'op': 11, 'd': None}
[2026-08-20 20:16:31] [DEBUG   ] discord.gateway: Keeping shard ID None websocket alive with sequence 8.
[2026-08-20 20:16:31] [DEBUG   ] discord.gateway: For Shard ID None: WebSocket Event: {'t': None, 's': None, 'op': 11, 'd': None}
[2026-08-20 20:17:12] [DEBUG   ] discord.gateway: Keeping shard ID None websocket alive with sequence 8.
[2026-08-20 20:17:12] [DEBUG   ] discord.gateway: For Shard ID None: WebSocket Event: {'t': None, 's': None, 'op': 11, 'd': None}
[2026-08-20 20:17:53] [DEBUG   ] discord.gateway: Keeping shard ID None websocket alive with sequence 8.
[2026-08-20 20:17:53] [DEBUG   ] discord.gateway: For Shard ID None: WebSocket Event: {'t': None, 's': None, 'op': 11, 'd': None}
[2026-08-20 20:18:34] [DEBUG   ] discord.gateway: Keeping shard ID None websocket alive with sequence 8.
[2026-08-20 20:18:34] [DEBUG   ] discord.gateway: For Shard ID None: WebSocket Event: {'t': None, 's': None, 'op': 11, 'd': None}
[2026-08-20 20:19:16] [DEBUG   ] discord.gateway: Keeping shard ID None websocket alive with sequence 8.
[2026-08-20 20:19:16] [DEBUG   ] discord.gateway: For Shard ID None: WebSocket Event: {'t': None, 's': None, 'op': 11, 'd': None}
[2026-08-20 20:19:57] [DEBUG   ] discord.gateway: Keeping shard ID None websocket alive with sequence 8.
[2026-08-20 20:19:57] [DEBUG   ] discord.gateway: For Shard ID None: WebSocket Event: {'t': None, 's': None, 'op': 11, 'd': None}
[2026-08-20 20:20:38] [DEBUG   ] discord.gateway: Keeping shard ID None websocket alive with sequence 8.
[2026-08-20 20:20:38] [DEBUG   ] discord.gateway: For Shard ID None: WebSocket Event: {'t': None, 's': None, 'op': 11, 'd': None}
[2026-08-20 20:21:19] [DEBUG   ] discord.gateway: Keeping shard ID None websocket alive with sequence 8.
[2026-08-20 20:21:19] [DEBUG   ] discord.gateway: For Shard ID None: WebSocket Event: {'t': None, 's': None, 'op': 11, 'd': None}
[2026-08-20 20:22:01] [DEBUG   ] discord.gateway: Keeping shard ID None websocket alive with sequence 8.
[2026-08-20 20:22:01] [DEBUG   ] discord.gateway: For Shard ID None: WebSocket Event: {'t': None, 's': None, 'op': 11, 'd': None}
[2026-08-20 20:22:42] [DEBUG   ] discord.gateway: Keeping shard ID None websocket alive with sequence 8.
[2026-08-20 20:22:42] [DEBUG   ] discord.gateway: For Shard ID None: WebSocket Event: {'t': None, 's': None, 'op': 11, 'd': None}
[2026-08-20 20:23:23] [DEBUG   ] discord.gateway: Keeping shard ID None websocket alive with sequence 8.
[2026-08-20 20:23:23] [DEBUG   ] discord.gateway: For Shard ID None: WebSocket Event: {'t': None, 's': None, 'op': 11, 'd': None}
[2026-08-20 20:24:04] [DEBUG   ] discord.gateway: Keeping shard ID None websocket alive with sequence 8.
[2026-08-20 20:24:04] [DEBUG   ] discord.gateway: For Shard ID None: WebSocket Event: {'t': None, 's': None, 'op': 11, 'd': None}
[2026-08-20 20:24:46] [DEBUG   ] discord.gateway: Keeping shard ID None websocket alive with sequence 8.
[2026-08-20 20:24:46] [DEBUG   ] discord.gateway: For Shard ID None: WebSocket Event: {'t': None, 's': None, 'op': 11, 'd': None}
[2026-08-20 20:25:27] [DEBUG   ] discord.gateway: Keeping shard ID None websocket alive with sequence 8.
[2026-08-20 20:25:27] [DEBUG   ] discord.gateway: For Shard ID None: WebSocket Event: {'t': None, 's': None, 'op': 11, 'd': None}
[2026-08-20 20:26:08] [DEBUG   ] discord.gateway: Keeping shard ID None websocket alive with sequence 8.
[2026-08-20 20:26:08] [DEBUG   ] discord.gateway: For Shard ID None: WebSocket Event: {'t': None, 's': None, 'op': 11, 'd': None}
[2026-08-20 20:26:49] [DEBUG   ] discord.gateway: Keeping shard ID None websocket alive with sequence 8.
[2026-08-20 20:26:50] [DEBUG   ] discord.gateway: For Shard ID None: WebSocket Event: {'t': None, 's': None, 'op': 11, 'd': None}
[2026-08-20 20:27:31] [DEBUG   ] discord.gateway: Keeping shard ID None websocket alive with sequence 8.
[2026-08-20 20:27:31] [DEBUG   ] discord.gateway: For Shard ID None: WebSocket Event: {'t': None, 's': None, 'op': 11, 'd': None}
[2026-08-20 20:28:12] [DEBUG   ] discord.gateway: Keeping shard ID None websocket alive with sequence 8.
[2026-08-20 20:28:12] [DEBUG   ] discord.gateway: For Shard ID None: WebSocket Event: {'t': None, 's': None, 'op': 11, 'd': None}
[2026-08-20 20:28:53] [DEBUG   ] discord.gateway: Keeping shard ID None websocket alive with sequence 8.
[2026-08-20 20:28:53] [DEBUG   ] discord.gateway: For Shard ID None: WebSocket Event: {'t': None, 's': None, 'op': 11, 'd': None}
[2026-08-20 20:29:35] [DEBUG   ] discord.gateway: Keeping shard ID None websocket alive with sequence 8.
[2026-08-20 20:29:35] [DEBUG   ] discord.gateway: For Shard ID None: WebSocket Event: {'t': None, 's': None, 'op': 11, 'd': None}
[2026-08-20 20:30:16] [DEBUG   ] discord.gateway: Keeping shard ID None websocket alive with sequence 8.
[2026-08-20 20:30:16] [DEBUG   ] discord.gateway: For Shard ID None: WebSocket Event: {'t': None, 's': None, 'op': 11, 'd': None}
[2026-08-20 20:30:57] [DEBUG   ] discord.gateway: Keeping shard ID None websocket alive with sequence 8.
[2026-08-20 20:30:57] [DEBUG   ] discord.gateway: For Shard ID None: WebSocket Event: {'t': None, 's': None, 'op': 11, 'd': None}
[2026-08-20 20:31:38] [DEBUG   ] discord.gateway: Keeping shard ID None websocket alive with sequence 8.
[2026-08-20 20:31:38] [DEBUG   ] discord.gateway: For Shard ID None: WebSocket Event: {'t': None, 's': None, 'op': 11, 'd': None}
[2026-08-20 20:32:20] [DEBUG   ] discord.gateway: Keeping shard ID None websocket alive with sequence 8.
[2026-08-20 20:32:20] [DEBUG   ] discord.gateway: For Shard ID None: WebSocket Event: {'t': None, 's': None, 'op': 11, 'd': None}
[2026-08-20 20:33:01] [DEBUG   ] discord.gateway: Keeping shard ID None websocket alive with sequence 8.
[2026-08-20 20:33:01] [DEBUG   ] discord.gateway: For Shard ID None: WebSocket Event: {'t': None, 's': None, 'op': 11, 'd': None}
[2026-08-20 20:33:42] [DEBUG   ] discord.gateway: Keeping shard ID None websocket alive with sequence 8.
[2026-08-20 20:33:42] [DEBUG   ] discord.gateway: For Shard ID None: WebSocket Event: {'t': None, 's': None, 'op': 11, 'd': None}
[2026-08-20 20:34:23] [DEBUG   ] discord.gateway: Keeping shard ID None websocket alive with sequence 8.
[2026-08-20 20:34:23] [DEBUG   ] discord.gateway: For Shard ID None: WebSocket Event: {'t': None, 's': None, 'op': 11, 'd': None}
[2026-08-20 20:35:05] [DEBUG   ] discord.gateway: Keeping shard ID None websocket alive with sequence 8.
[2026-08-20 20:35:05] [DEBUG   ] discord.gateway: For Shard ID None: WebSocket Event: {'t': None, 's': None, 'op': 11, 'd': None}
[2026-08-20 20:35:46] [DEBUG   ] discord.gateway: Keeping shard ID None websocket alive with sequence 8.
[2026-08-20 20:35:46] [DEBUG   ] discord.gateway: For Shard ID None: WebSocket Event: {'t': None, 's': None, 'op': 11, 'd': None}
[2026-08-20 20:36:27] [DEBUG   ] discord.gateway: Keeping shard ID None websocket alive with sequence 8.
[2026-08-20 20:36:27] [DEBUG   ] discord.gateway: For Shard ID None: WebSocket Event: {'t': None, 's': None, 'op': 11, 'd': None}
[2026-08-20 20:37:08] [DEBUG   ] discord.gateway: Keeping shard ID None websocket alive with sequence 8.
[2026-08-20 20:37:08] [DEBUG   ] discord.gateway: For Shard ID None: WebSocket Event: {'t': None, 's': None, 'op': 11, 'd': None}
[2026-08-20 20:37:50] [DEBUG   ] discord.gateway: Keeping shard ID None websocket alive with sequence 8.
[2026-08-20 20:37:50] [DEBUG   ] discord.gateway: For Shard ID None: WebSocket Event: {'t': None, 's': None, 'op': 11, 'd': None}
[2026-08-20 20:38:31] [DEBUG   ] discord.gateway: Keeping shard ID None websocket alive with sequence 8.
[2026-08-20 20:38:31] [DEBUG   ] discord.gateway: For Shard ID None: WebSocket Event: {'t': None, 's': None, 'op': 11, 'd': None}
[2026-08-20 20:39:12] [DEBUG   ] discord.gateway: Keeping shard ID None websocket alive with sequence 8.
[2026-08-20 20:39:12] [DEBUG   ] discord.gateway: For Shard ID None: WebSocket Event: {'t': None, 's': None, 'op': 11, 'd': None}
[2026-08-20 20:39:53] [DEBUG   ] discord.gateway: Keeping shard ID None websocket alive with sequence 8.
[2026-08-20 20:39:53] [DEBUG   ] discord.gateway: For Shard ID None: WebSocket Event: {'t': None, 's': None, 'op': 11, 'd': None}
[2026-08-20 20:40:35] [DEBUG   ] discord.gateway: Keeping shard ID None websocket alive with sequence 8.
[2026-08-20 20:40:35] [DEBUG   ] discord.gateway: For Shard ID None: WebSocket Event: {'t': None, 's': None, 'op': 11, 'd': None}
[2026-08-20 20:41:16] [DEBUG   ] discord.gateway: Keeping shard ID None websocket alive with sequence 8.
[2026-08-20 20:41:16] [DEBUG   ] discord.gateway: For Shard ID None: WebSocket Event: {'t': None, 's': None, 'op': 11, 'd': None}
[2026-08-20 20:41:57] [DEBUG   ] discord.gateway: Keeping shard ID None websocket alive with sequence 8.
[2026-08-20 20:41:57] [DEBUG   ] discord.gateway: For Shard ID None: WebSocket Event: {'t': None, 's': None, 'op': 11, 'd': None}
[2026-08-20 20:42:38] [DEBUG   ] discord.gateway: Keeping shard ID None websocket alive with sequence 8.
[2026-08-20 20:42:39] [DEBUG   ] discord.gateway: For Shard ID None: WebSocket Event: {'t': None, 's': None, 'op': 11, 'd': None}
[2026-08-20 20:43:20] [DEBUG   ] discord.gateway: Keeping shard ID None websocket alive with sequence 8.
[2026-08-20 20:43:20] [DEBUG   ] discord.gateway: For Shard ID None: WebSocket Event: {'t': None, 's': None, 'op': 11, 'd': None}
[2026-08-20 20:44:01] [DEBUG   ] discord.gateway: Keeping shard ID None websocket alive with sequence 8.
[2026-08-20 20:44:01] [DEBUG   ] discord.gateway: For Shard ID None: WebSocket Event: {'t': None, 's': None, 'op': 11, 'd': None}
[2026-08-20 20:44:42] [DEBUG   ] discord.gateway: Keeping shard ID None websocket alive with sequence 8.
[2026-08-20 20:44:42] [DEBUG   ] discord.gateway: For Shard ID None: WebSocket Event: {'t': None, 's': None, 'op': 11, 'd': None}
[2026-08-20 20:45:24] [DEBUG   ] discord.gateway: Keeping shard ID None websocket alive with sequence 8.
[2026-08-20 20:45:24] [DEBUG   ] discord.gateway: For Shard ID None: WebSocket Event: {'t': None, 's': None, 'op': 11, 'd': None}
[2026-08-20 20:46:05] [DEBUG   ] discord.gateway: Keeping shard ID None websocket alive with sequence 8.
[2026-08-20 20:46:05] [DEBUG   ] discord.gateway: For Shard ID None: WebSocket Event: {'t': None, 's': None, 'op': 11, 'd': None}
[2026-08-20 20:46:46] [DEBUG   ] discord.gateway: Keeping shard ID None websocket alive with sequence 8.
[2026-08-20 20:46:46] [DEBUG   ] discord.gateway: For Shard ID None: WebSocket Event: {'t': None, 's': None, 'op': 11, 'd': None}
[2026-08-20 20:47:27] [DEBUG   ] discord.gateway: Keeping shard ID None websocket alive with sequence 8.
[2026-08-20 20:47:27] [DEBUG   ] discord.gateway: For Shard ID None: WebSocket Event: {'t': None, 's': None, 'op': 11, 'd': None}
[2026-08-20 20:48:09] [DEBUG   ] discord.gateway: Keeping shard ID None websocket alive with sequence 8.
[2026-08-20 20:48:09] [DEBUG   ] discord.gateway: For Shard ID None: WebSocket Event: {'t': None, 's': None, 'op': 11, 'd': None}
[2026-08-20 20:48:50] [DEBUG   ] discord.gateway: Keeping shard ID None websocket alive with sequence 8.
[2026-08-20 20:48:50] [DEBUG   ] discord.gateway: For Shard ID None: WebSocket Event: {'t': None, 's': None, 'op': 11, 'd': None}
[2026-08-20 20:49:31] [DEBUG   ] discord.gateway: Keeping shard ID None websocket alive with sequence 8.
[2026-08-20 20:49:31] [DEBUG   ] discord.gateway: For Shard ID None: WebSocket Event: {'t': None, 's': None, 'op': 11, 'd': None}
[2026-08-20 20:50:12] [DEBUG   ] discord.gateway: Keeping shard ID None websocket alive with sequence 8.
[2026-08-20 20:50:12] [DEBUG   ] discord.gateway: For Shard ID None: WebSocket Event: {'t': None, 's': None, 'op': 11, 'd': None}
[2026-08-20 20:50:54] [DEBUG   ] discord.gateway: Keeping shard ID None websocket alive with sequence 8.
[2026-08-20 20:50:54] [DEBUG   ] discord.gateway: For Shard ID None: WebSocket Event: {'t': None, 's': None, 'op': 11, 'd': None}
[2026-08-20 20:51:35] [DEBUG   ] discord.gateway: Keeping shard ID None websocket alive with sequence 8.
[2026-08-20 20:51:35] [DEBUG   ] discord.gateway: For Shard ID None: WebSocket Event: {'t': None, 's': None, 'op': 11, 'd': None}
[2026-08-20 20:52:16] [DEBUG   ] discord.gateway: Keeping shard ID None websocket alive with sequence 8.
[2026-08-20 20:52:16] [DEBUG   ] discord.gateway: For Shard ID None: WebSocket Event: {'t': None, 's': None, 'op': 11, 'd': None}
[2026-08-20 20:52:57] [DEBUG   ] discord.gateway: Keeping shard ID None websocket alive with sequence 8.
[2026-08-20 20:52:57] [DEBUG   ] discord.gateway: For Shard ID None: WebSocket Event: {'t': None, 's': None, 'op': 11, 'd': None}
[2026-08-20 20:53:39] [DEBUG   ] discord.gateway: Keeping shard ID None websocket alive with sequence 8.
[2026-08-20 20:53:39] [DEBUG   ] discord.gateway: For Shard ID None: WebSocket Event: {'t': None, 's': None, 'op': 11, 'd': None}
[2026-08-20 20:54:20] [DEBUG   ] discord.gateway: Keeping shard ID None websocket alive with sequence 8.
[2026-08-20 20:54:20] [DEBUG   ] discord.gateway: For Shard ID None: WebSocket Event: {'t': None, 's': None, 'op': 11, 'd': None}
[2026-08-20 20:55:01] [DEBUG   ] discord.gateway: Keeping shard ID None websocket alive with sequence 8.
[2026-08-20 20:55:01] [DEBUG   ] discord.gateway: For Shard ID None: WebSocket Event: {'t': None, 's': None, 'op': 11, 'd': None}
[2026-08-20 20:55:42] [DEBUG   ] discord.gateway: Keeping shard ID None websocket alive with sequence 8.
[2026-08-20 20:55:42] [DEBUG   ] discord.gateway: For Shard ID None: WebSocket Event: {'t': None, 's': None, 'op': 11, 'd': None}
[2026-08-20 20:56:24] [DEBUG   ] discord.gateway: Keeping shard ID None websocket alive with sequence 8.
[2026-08-20 20:56:24] [DEBUG   ] discord.gateway: For Shard ID None: WebSocket Event: {'t': None, 's': None, 'op': 11, 'd': None}
[2026-08-20 20:57:05] [DEBUG   ] discord.gateway: Keeping shard ID None websocket alive with sequence 8.
[2026-08-20 20:57:05] [DEBUG   ] discord.gateway: For Shard ID None: WebSocket Event: {'t': None, 's': None, 'op': 11, 'd': None}
[2026-08-20 20:57:46] [DEBUG   ] discord.gateway: Keeping shard ID None websocket alive with sequence 8.
[2026-08-20 20:57:46] [DEBUG   ] discord.gateway: For Shard ID None: WebSocket Event: {'t': None, 's': None, 'op': 11, 'd': None}
[2026-08-20 20:58:27] [DEBUG   ] discord.gateway: Keeping shard ID None websocket alive with sequence 8.
[2026-08-20 20:58:28] [DEBUG   ] discord.gateway: For Shard ID None: WebSocket Event: {'t': None, 's': None, 'op': 11, 'd': None}
[2026-08-20 20:59:09] [DEBUG   ] discord.gateway: Keeping shard ID None websocket alive with sequence 8.
[2026-08-20 20:59:09] [DEBUG   ] discord.gateway: For Shard ID None: WebSocket Event: {'t': None, 's': None, 'op': 11, 'd': None}
[2026-08-20 20:59:50] [DEBUG   ] discord.gateway: Keeping shard ID None websocket alive with sequence 8.
[2026-08-20 20:59:50] [DEBUG   ] discord.gateway: For Shard ID None: WebSocket Event: {'t': None, 's': None, 'op': 11, 'd': None}
[2026-08-20 21:00:31] [DEBUG   ] discord.gateway: Keeping shard ID None websocket alive with sequence 8.
[2026-08-20 21:00:31] [DEBUG   ] discord.gateway: For Shard ID None: WebSocket Event: {'t': None, 's': None, 'op': 11, 'd': None}
[2026-08-20 21:01:12] [DEBUG   ] discord.gateway: Keeping shard ID None websocket alive with sequence 8.
[2026-08-20 21:01:12] [DEBUG   ] discord.gateway: For Shard ID None: WebSocket Event: {'t': None, 's': None, 'op': 11, 'd': None}
[2026-08-20 21:01:54] [DEBUG   ] discord.gateway: Keeping shard ID None websocket alive with sequence 8.
[2026-08-20 21:01:54] [DEBUG   ] discord.gateway: For Shard ID None: WebSocket Event: {'t': None, 's': None, 'op': 11, 'd': None}
[2026-08-20 21:02:35] [DEBUG   ] discord.gateway: Keeping shard ID None websocket alive with sequence 8.
[2026-08-20 21:02:35] [DEBUG   ] discord.gateway: For Shard ID None: WebSocket Event: {'t': None, 's': None, 'op': 11, 'd': None}
[2026-08-20 21:03:16] [DEBUG   ] discord.gateway: Keeping shard ID None websocket alive with sequence 8.
[2026-08-20 21:03:16] [DEBUG   ] discord.gateway: For Shard ID None: WebSocket Event: {'t': None, 's': None, 'op': 11, 'd': None}
[2026-08-20 21:03:57] [DEBUG   ] discord.gateway: Keeping shard ID None websocket alive with sequence 8.
[2026-08-20 21:03:58] [DEBUG   ] discord.gateway: For Shard ID None: WebSocket Event: {'t': None, 's': None, 'op': 11, 'd': None}
[2026-08-20 21:04:39] [DEBUG   ] discord.gateway: Keeping shard ID None websocket alive with sequence 8.
[2026-08-20 21:04:39] [DEBUG   ] discord.gateway: For Shard ID None: WebSocket Event: {'t': None, 's': None, 'op': 11, 'd': None}
[2026-08-20 21:05:20] [DEBUG   ] discord.gateway: Keeping shard ID None websocket alive with sequence 8.
[2026-08-20 21:05:20] [DEBUG   ] discord.gateway: For Shard ID None: WebSocket Event: {'t': None, 's': None, 'op': 11, 'd': None}
[2026-08-20 21:06:01] [DEBUG   ] discord.gateway: Keeping shard ID None websocket alive with sequence 8.
[2026-08-20 21:06:01] [DEBUG   ] discord.gateway: For Shard ID None: WebSocket Event: {'t': None, 's': None, 'op': 11, 'd': None}
[2026-08-20 21:06:43] [DEBUG   ] discord.gateway: Keeping shard ID None websocket alive with sequence 8.
[2026-08-20 21:06:43] [DEBUG   ] discord.gateway: For Shard ID None: WebSocket Event: {'t': None, 's': None, 'op': 11, 'd': None}
[2026-08-20 21:07:24] [DEBUG   ] discord.gateway: Keeping shard ID None websocket alive with sequence 8.
[2026-08-20 21:07:24] [DEBUG   ] discord.gateway: For Shard ID None: WebSocket Event: {'t': None, 's': None, 'op': 11, 'd': None}
[2026-08-20 21:08:05] [DEBUG   ] discord.gateway: Keeping shard ID None websocket alive with sequence 8.
[2026-08-20 21:08:05] [DEBUG   ] discord.gateway: For Shard ID None: WebSocket Event: {'t': None, 's': None, 'op': 11, 'd': None}
[2026-08-20 21:08:46] [DEBUG   ] discord.gateway: Keeping shard ID None websocket alive with sequence 8.
[2026-08-20 21:08:46] [DEBUG   ] discord.gateway: For Shard ID None: WebSocket Event: {'t': None, 's': None, 'op': 11, 'd': None}
[2026-08-20 21:09:28] [DEBUG   ] discord.gateway: Keeping shard ID None websocket alive with sequence 8.
[2026-08-20 21:09:28] [DEBUG   ] discord.gateway: For Shard ID None: WebSocket Event: {'t': None, 's': None, 'op': 11, 'd': None}
[2026-08-20 21:10:09] [DEBUG   ] discord.gateway: Keeping shard ID None websocket alive with sequence 8.
[2026-08-20 21:10:09] [DEBUG   ] discord.gateway: For Shard ID None: WebSocket Event: {'t': None, 's': None, 'op': 11, 'd': None}
[2026-08-20 21:10:50] [DEBUG   ] discord.gateway: Keeping shard ID None websocket alive with sequence 8.
[2026-08-20 21:10:50] [DEBUG   ] discord.gateway: For Shard ID None: WebSocket Event: {'t': None, 's': None, 'op': 11, 'd': None}
[2026-08-20 21:11:31] [DEBUG   ] discord.gateway: Keeping shard ID None websocket alive with sequence 8.
[2026-08-20 21:11:31] [DEBUG   ] discord.gateway: For Shard ID None: WebSocket Event: {'t': None, 's': None, 'op': 11, 'd': None}
[2026-08-20 21:12:13] [DEBUG   ] discord.gateway: Keeping shard ID None websocket alive with sequence 8.
[2026-08-20 21:12:13] [DEBUG   ] discord.gateway: For Shard ID None: WebSocket Event: {'t': None, 's': None, 'op': 11, 'd': None}
[2026-08-20 21:12:54] [DEBUG   ] discord.gateway: Keeping shard ID None websocket alive with sequence 8.
[2026-08-20 21:12:54] [DEBUG   ] discord.gateway: For Shard ID None: WebSocket Event: {'t': None, 's': None, 'op': 11, 'd': None}
[2026-08-20 21:13:35] [DEBUG   ] discord.gateway: Keeping shard ID None websocket alive with sequence 8.
[2026-08-20 21:13:35] [DEBUG   ] discord.gateway: For Shard ID None: WebSocket Event: {'t': None, 's': None, 'op': 11, 'd': None}
[2026-08-20 21:14:16] [DEBUG   ] discord.gateway: Keeping shard ID None websocket alive with sequence 8.
[2026-08-20 21:14:16] [DEBUG   ] discord.gateway: For Shard ID None: WebSocket Event: {'t': None, 's': None, 'op': 11, 'd': None}
[2026-08-20 21:14:58] [DEBUG   ] discord.gateway: Keeping shard ID None websocket alive with sequence 8.
[2026-08-20 21:14:58] [DEBUG   ] discord.gateway: For Shard ID None: WebSocket Event: {'t': None, 's': None, 'op': 11, 'd': None}
[2026-08-20 21:15:39] [DEBUG   ] discord.gateway: Keeping shard ID None websocket alive with sequence 8.
[2026-08-20 21:15:39] [DEBUG   ] discord.gateway: For Shard ID None: WebSocket Event: {'t': None, 's': None, 'op': 11, 'd': None}
[2026-08-20 21:16:20] [DEBUG   ] discord.gateway: Keeping shard ID None websocket alive with sequence 8.
[2026-08-20 21:16:20] [DEBUG   ] discord.gateway: For Shard ID None: WebSocket Event: {'t': None, 's': None, 'op': 11, 'd': None}
[2026-08-20 21:17:01] [DEBUG   ] discord.gateway: Keeping shard ID None websocket alive with sequence 8.
[2026-08-20 21:17:01] [DEBUG   ] discord.gateway: For Shard ID None: WebSocket Event: {'t': None, 's': None, 'op': 11, 'd': None}
[2026-08-20 21:17:43] [DEBUG   ] discord.gateway: Keeping shard ID None websocket alive with sequence 8.
[2026-08-20 21:17:43] [DEBUG   ] discord.gateway: For Shard ID None: WebSocket Event: {'t': None, 's': None, 'op': 11, 'd': None}
[2026-08-20 21:18:24] [DEBUG   ] discord.gateway: Keeping shard ID None websocket alive with sequence 8.
[2026-08-20 21:18:24] [DEBUG   ] discord.gateway: For Shard ID None: WebSocket Event: {'t': None, 's': None, 'op': 11, 'd': None}
[2026-08-20 21:19:05] [DEBUG   ] discord.gateway: Keeping shard ID None websocket alive with sequence 8.
[2026-08-20 21:19:05] [DEBUG   ] discord.gateway: For Shard ID None: WebSocket Event: {'t': None, 's': None, 'op': 11, 'd': None}
[2026-08-20 21:19:46] [DEBUG   ] discord.gateway: Keeping shard ID None websocket alive with sequence 8.
[2026-08-20 21:19:46] [DEBUG   ] discord.gateway: For Shard ID None: WebSocket Event: {'t': None, 's': None, 'op': 11, 'd': None}
[2026-08-20 21:20:28] [DEBUG   ] discord.gateway: Keeping shard ID None websocket alive with sequence 8.
[2026-08-20 21:20:28] [DEBUG   ] discord.gateway: For Shard ID None: WebSocket Event: {'t': None, 's': None, 'op': 11, 'd': None}
[2026-08-20 21:21:09] [DEBUG   ] discord.gateway: Keeping shard ID None websocket alive with sequence 8.
[2026-08-20 21:21:09] [DEBUG   ] discord.gateway: For Shard ID None: WebSocket Event: {'t': None, 's': None, 'op': 11, 'd': None}
[2026-08-20 21:21:50] [DEBUG   ] discord.gateway: Keeping shard ID None websocket alive with sequence 8.
[2026-08-20 21:21:50] [DEBUG   ] discord.gateway: For Shard ID None: WebSocket Event: {'t': None, 's': None, 'op': 11, 'd': None}
[2026-08-20 21:22:31] [DEBUG   ] discord.gateway: Keeping shard ID None websocket alive with sequence 8.
[2026-08-20 21:22:31] [DEBUG   ] discord.gateway: For Shard ID None: WebSocket Event: {'t': None, 's': None, 'op': 11, 'd': None}
[2026-08-20 21:23:13] [DEBUG   ] discord.gateway: Keeping shard ID None websocket alive with sequence 8.
[2026-08-20 21:23:13] [DEBUG   ] discord.gateway: For Shard ID None: WebSocket Event: {'t': None, 's': None, 'op': 11, 'd': None}
[2026-08-20 21:23:54] [DEBUG   ] discord.gateway: Keeping shard ID None websocket alive with sequence 8.
[2026-08-20 21:23:54] [DEBUG   ] discord.gateway: For Shard ID None: WebSocket Event: {'t': None, 's': None, 'op': 11, 'd': None}
[2026-08-20 21:24:35] [DEBUG   ] discord.gateway: Keeping shard ID None websocket alive with sequence 8.
[2026-08-20 21:24:35] [DEBUG   ] discord.gateway: For Shard ID None: WebSocket Event: {'t': None, 's': None, 'op': 11, 'd': None}
[2026-08-20 21:25:16] [DEBUG   ] discord.gateway: Keeping shard ID None websocket alive with sequence 8.
[2026-08-20 21:25:17] [DEBUG   ] discord.gateway: For Shard ID None: WebSocket Event: {'t': None, 's': None, 'op': 11, 'd': None}
[2026-08-20 21:25:58] [DEBUG   ] discord.gateway: Keeping shard ID None websocket alive with sequence 8.
[2026-08-20 21:25:58] [DEBUG   ] discord.gateway: For Shard ID None: WebSocket Event: {'t': None, 's': None, 'op': 11, 'd': None}
[2026-08-20 21:26:39] [DEBUG   ] discord.gateway: Keeping shard ID None websocket alive with sequence 8.
[2026-08-20 21:26:39] [DEBUG   ] discord.gateway: For Shard ID None: WebSocket Event: {'t': None, 's': None, 'op': 11, 'd': None}
[2026-08-20 21:27:20] [DEBUG   ] discord.gateway: Keeping shard ID None websocket alive with sequence 8.
[2026-08-20 21:27:20] [DEBUG   ] discord.gateway: For Shard ID None: WebSocket Event: {'t': None, 's': None, 'op': 11, 'd': None}
[2026-08-20 21:28:01] [DEBUG   ] discord.gateway: Keeping shard ID None websocket alive with sequence 8.
[2026-08-20 21:28:02] [DEBUG   ] discord.gateway: For Shard ID None: WebSocket Event: {'t': None, 's': None, 'op': 11, 'd': None}
[2026-08-20 21:28:43] [DEBUG   ] discord.gateway: Keeping shard ID None websocket alive with sequence 8.
[2026-08-20 21:28:43] [DEBUG   ] discord.gateway: For Shard ID None: WebSocket Event: {'t': None, 's': None, 'op': 11, 'd': None}
[2026-08-20 21:29:24] [DEBUG   ] discord.gateway: Keeping shard ID None websocket alive with sequence 8.
[2026-08-20 21:29:24] [DEBUG   ] discord.gateway: For Shard ID None: WebSocket Event: {'t': None, 's': None, 'op': 11, 'd': None}
[2026-08-20 21:30:05] [DEBUG   ] discord.gateway: Keeping shard ID None websocket alive with sequence 8.
[2026-08-20 21:30:05] [DEBUG   ] discord.gateway: For Shard ID None: WebSocket Event: {'t': None, 's': None, 'op': 11, 'd': None}
[2026-08-20 21:30:47] [DEBUG   ] discord.gateway: Keeping shard ID None websocket alive with sequence 8.
[2026-08-20 21:30:47] [DEBUG   ] discord.gateway: For Shard ID None: WebSocket Event: {'t': None, 's': None, 'op': 11, 'd': None}
[2026-08-20 21:31:28] [DEBUG   ] discord.gateway: Keeping shard ID None websocket alive with sequence 8.
[2026-08-20 21:31:28] [DEBUG   ] discord.gateway: For Shard ID None: WebSocket Event: {'t': None, 's': None, 'op': 11, 'd': None}
[2026-08-20 21:32:09] [DEBUG   ] discord.gateway: Keeping shard ID None websocket alive with sequence 8.
[2026-08-20 21:32:09] [DEBUG   ] discord.gateway: For Shard ID None: WebSocket Event: {'t': None, 's': None, 'op': 11, 'd': None}
[2026-08-20 21:32:50] [DEBUG   ] discord.gateway: Keeping shard ID None websocket alive with sequence 8.
[2026-08-20 21:32:50] [DEBUG   ] discord.gateway: For Shard ID None: WebSocket Event: {'t': None, 's': None, 'op': 11, 'd': None}
[2026-08-20 21:33:32] [DEBUG   ] discord.gateway: Keeping shard ID None websocket alive with sequence 8.
[2026-08-20 21:33:32] [DEBUG   ] discord.gateway: For Shard ID None: WebSocket Event: {'t': None, 's': None, 'op': 11, 'd': None}
[2026-08-20 21:34:13] [DEBUG   ] discord.gateway: Keeping shard ID None websocket alive with sequence 8.
[2026-08-20 21:34:13] [DEBUG   ] discord.gateway: For Shard ID None: WebSocket Event: {'t': None, 's': None, 'op': 11, 'd': None}
[2026-08-20 21:34:54] [DEBUG   ] discord.gateway: Keeping shard ID None websocket alive with sequence 8.
[2026-08-20 21:34:54] [DEBUG   ] discord.gateway: For Shard ID None: WebSocket Event: {'t': None, 's': None, 'op': 11, 'd': None}
[2026-08-20 21:35:35] [DEBUG   ] discord.gateway: Keeping shard ID None websocket alive with sequence 8.
[2026-08-20 21:35:35] [DEBUG   ] discord.gateway: For Shard ID None: WebSocket Event: {'t': None, 's': None, 'op': 11, 'd': None}
[2026-08-20 21:36:17] [DEBUG   ] discord.gateway: Keeping shard ID None websocket alive with sequence 8.
[2026-08-20 21:36:17] [DEBUG   ] discord.gateway: For Shard ID None: WebSocket Event: {'t': None, 's': None, 'op': 11, 'd': None}
[2026-08-20 21:36:58] [DEBUG   ] discord.gateway: Keeping shard ID None websocket alive with sequence 8.
[2026-08-20 21:36:58] [DEBUG   ] discord.gateway: For Shard ID None: WebSocket Event: {'t': None, 's': None, 'op': 11, 'd': None}
[2026-08-20 21:37:39] [DEBUG   ] discord.gateway: Keeping shard ID None websocket alive with sequence 8.
[2026-08-20 21:37:39] [DEBUG   ] discord.gateway: For Shard ID None: WebSocket Event: {'t': None, 's': None, 'op': 11, 'd': None}
[2026-08-20 21:38:20] [DEBUG   ] discord.gateway: Keeping shard ID None websocket alive with sequence 8.
[2026-08-20 21:38:20] [DEBUG   ] discord.gateway: For Shard ID None: WebSocket Event: {'t': None, 's': None, 'op': 11, 'd': None}
[2026-08-20 21:39:02] [DEBUG   ] discord.gateway: Keeping shard ID None websocket alive with sequence 8.
[2026-08-20 21:39:02] [DEBUG   ] discord.gateway: For Shard ID None: WebSocket Event: {'t': None, 's': None, 'op': 11, 'd': None}
[2026-08-20 21:39:43] [DEBUG   ] discord.gateway: Keeping shard ID None websocket alive with sequence 8.
[2026-08-20 21:39:43] [DEBUG   ] discord.gateway: For Shard ID None: WebSocket Event: {'t': None, 's': None, 'op': 11, 'd': None}
[2026-08-20 21:40:24] [DEBUG   ] discord.gateway: Keeping shard ID None websocket alive with sequence 8.
[2026-08-20 21:40:24] [DEBUG   ] discord.gateway: For Shard ID None: WebSocket Event: {'t': None, 's': None, 'op': 11, 'd': None}
[2026-08-20 21:41:05] [DEBUG   ] discord.gateway: Keeping shard ID None websocket alive with sequence 8.
[2026-08-20 21:41:06] [DEBUG   ] discord.gateway: For Shard ID None: WebSocket Event: {'t': None, 's': None, 'op': 11, 'd': None}
[2026-08-20 21:41:47] [DEBUG   ] discord.gateway: Keeping shard ID None websocket alive with sequence 8.
[2026-08-20 21:41:47] [DEBUG   ] discord.gateway: For Shard ID None: WebSocket Event: {'t': None, 's': None, 'op': 11, 'd': None}
[2026-08-20 21:42:28] [DEBUG   ] discord.gateway: Keeping shard ID None websocket alive with sequence 8.
[2026-08-20 21:42:28] [DEBUG   ] discord.gateway: For Shard ID None: WebSocket Event: {'t': None, 's': None, 'op': 11, 'd': None}
[2026-08-20 21:43:09] [DEBUG   ] discord.gateway: Keeping shard ID None websocket alive with sequence 8.
[2026-08-20 21:43:09] [DEBUG   ] discord.gateway: For Shard ID None: WebSocket Event: {'t': None, 's': None, 'op': 11, 'd': None}
[2026-08-20 21:43:50] [DEBUG   ] discord.gateway: Keeping shard ID None websocket alive with sequence 8.
[2026-08-20 21:43:51] [DEBUG   ] discord.gateway: For Shard ID None: WebSocket Event: {'t': None, 's': None, 'op': 11, 'd': None}
[2026-08-20 21:44:32] [DEBUG   ] discord.gateway: Keeping shard ID None websocket alive with sequence 8.
[2026-08-20 21:44:32] [DEBUG   ] discord.gateway: For Shard ID None: WebSocket Event: {'t': None, 's': None, 'op': 11, 'd': None}
[2026-08-20 21:45:13] [DEBUG   ] discord.gateway: Keeping shard ID None websocket alive with sequence 8.
[2026-08-20 21:45:13] [DEBUG   ] discord.gateway: For Shard ID None: WebSocket Event: {'t': None, 's': None, 'op': 11, 'd': None}
[2026-08-20 21:45:54] [DEBUG   ] discord.gateway: Keeping shard ID None websocket alive with sequence 8.
[2026-08-20 21:45:54] [DEBUG   ] discord.gateway: For Shard ID None: WebSocket Event: {'t': None, 's': None, 'op': 11, 'd': None}
[2026-08-20 21:46:36] [DEBUG   ] discord.gateway: Keeping shard ID None websocket alive with sequence 8.
[2026-08-20 21:46:36] [DEBUG   ] discord.gateway: For Shard ID None: WebSocket Event: {'t': None, 's': None, 'op': 11, 'd': None}
[2026-08-20 21:47:17] [DEBUG   ] discord.gateway: Keeping shard ID None websocket alive with sequence 8.
[2026-08-20 21:47:17] [DEBUG   ] discord.gateway: For Shard ID None: WebSocket Event: {'t': None, 's': None, 'op': 11, 'd': None}
[2026-08-20 21:47:58] [DEBUG   ] discord.gateway: Keeping shard ID None websocket alive with sequence 8.
[2026-08-20 21:47:58] [DEBUG   ] discord.gateway: For Shard ID None: WebSocket Event: {'t': None, 's': None, 'op': 11, 'd': None}
[2026-08-20 21:48:39] [DEBUG   ] discord.gateway: Keeping shard ID None websocket alive with sequence 8.
[2026-08-20 21:48:39] [DEBUG   ] discord.gateway: For Shard ID None: WebSocket Event: {'t': None, 's': None, 'op': 11, 'd': None}
[2026-08-20 21:49:21] [DEBUG   ] discord.gateway: Keeping shard ID None websocket alive with sequence 8.
[2026-08-20 21:49:21] [DEBUG   ] discord.gateway: For Shard ID None: WebSocket Event: {'t': None, 's': None, 'op': 11, 'd': None}
[2026-08-20 21:50:02] [DEBUG   ] discord.gateway: Keeping shard ID None websocket alive with sequence 8.
[2026-08-20 21:50:02] [DEBUG   ] discord.gateway: For Shard ID None: WebSocket Event: {'t': None, 's': None, 'op': 11, 'd': None}
[2026-08-20 21:50:43] [DEBUG   ] discord.gateway: Keeping shard ID None websocket alive with sequence 8.
[2026-08-20 21:50:43] [DEBUG   ] discord.gateway: For Shard ID None: WebSocket Event: {'t': None, 's': None, 'op': 11, 'd': None}
[2026-08-20 21:51:24] [DEBUG   ] discord.gateway: Keeping shard ID None websocket alive with sequence 8.
[2026-08-20 21:51:24] [DEBUG   ] discord.gateway: For Shard ID None: WebSocket Event: {'t': None, 's': None, 'op': 11, 'd': None}
[2026-08-20 21:52:06] [DEBUG   ] discord.gateway: Keeping shard ID None websocket alive with sequence 8.
[2026-08-20 21:52:06] [DEBUG   ] discord.gateway: For Shard ID None: WebSocket Event: {'t': None, 's': None, 'op': 11, 'd': None}
[2026-08-20 21:52:47] [DEBUG   ] discord.gateway: Keeping shard ID None websocket alive with sequence 8.
[2026-08-20 21:52:47] [DEBUG   ] discord.gateway: For Shard ID None: WebSocket Event: {'t': None, 's': None, 'op': 11, 'd': None}
[2026-08-20 21:53:28] [DEBUG   ] discord.gateway: Keeping shard ID None websocket alive with sequence 8.
[2026-08-20 21:53:28] [DEBUG   ] discord.gateway: For Shard ID None: WebSocket Event: {'t': None, 's': None, 'op': 11, 'd': None}
[2026-08-20 21:54:09] [DEBUG   ] discord.gateway: Keeping shard ID None websocket alive with sequence 8.
[2026-08-20 21:54:09] [DEBUG   ] discord.gateway: For Shard ID None: WebSocket Event: {'t': None, 's': None, 'op': 11, 'd': None}
[2026-08-20 21:54:51] [DEBUG   ] discord.gateway: Keeping shard ID None websocket alive with sequence 8.
[2026-08-20 21:54:51] [DEBUG   ] discord.gateway: For Shard ID None: WebSocket Event: {'t': None, 's': None, 'op': 11, 'd': None}
[2026-08-20 21:55:32] [DEBUG   ] discord.gateway: Keeping shard ID None websocket alive with sequence 8.
[2026-08-20 21:55:32] [DEBUG   ] discord.gateway: For Shard ID None: WebSocket Event: {'t': None, 's': None, 'op': 11, 'd': None}
[2026-08-20 21:56:13] [DEBUG   ] discord.gateway: Keeping shard ID None websocket alive with sequence 8.
[2026-08-20 21:56:13] [DEBUG   ] discord.gateway: For Shard ID None: WebSocket Event: {'t': None, 's': None, 'op': 11, 'd': None}
[2026-08-20 21:56:54] [DEBUG   ] discord.gateway: Keeping shard ID None websocket alive with sequence 8.
[2026-08-20 21:56:54] [DEBUG   ] discord.gateway: For Shard ID None: WebSocket Event: {'t': None, 's': None, 'op': 11, 'd': None}
[2026-08-20 21:57:36] [DEBUG   ] discord.gateway: Keeping shard ID None websocket alive with sequence 8.
[2026-08-20 21:57:36] [DEBUG   ] discord.gateway: For Shard ID None: WebSocket Event: {'t': None, 's': None, 'op': 11, 'd': None}
[2026-08-20 21:58:17] [DEBUG   ] discord.gateway: Keeping shard ID None websocket alive with sequence 8.
[2026-08-20 21:58:17] [DEBUG   ] discord.gateway: For Shard ID None: WebSocket Event: {'t': None, 's': None, 'op': 11, 'd': None}
[2026-08-20 21:58:58] [DEBUG   ] discord.gateway: Keeping shard ID None websocket alive with sequence 8.
[2026-08-20 21:58:58] [DEBUG   ] discord.gateway: For Shard ID None: WebSocket Event: {'t': None, 's': None, 'op': 11, 'd': None}
[2026-08-20 21:59:39] [DEBUG   ] discord.gateway: Keeping shard ID None websocket alive with sequence 8.
[2026-08-20 21:59:39] [DEBUG   ] discord.gateway: For Shard ID None: WebSocket Event: {'t': None, 's': None, 'op': 11, 'd': None}
[2026-08-20 22:00:21] [DEBUG   ] discord.gateway: Keeping shard ID None websocket alive with sequence 8.
[2026-08-20 22:00:21] [DEBUG   ] discord.gateway: For Shard ID None: WebSocket Event: {'t': None, 's': None, 'op': 11, 'd': None}
[2026-08-20 22:01:02] [DEBUG   ] discord.gateway: Keeping shard ID None websocket alive with sequence 8.
[2026-08-20 22:01:02] [DEBUG   ] discord.gateway: For Shard ID None: WebSocket Event: {'t': None, 's': None, 'op': 11, 'd': None}
[2026-08-20 22:01:43] [DEBUG   ] discord.gateway: Keeping shard ID None websocket alive with sequence 8.
[2026-08-20 22:01:43] [DEBUG   ] discord.gateway: For Shard ID None: WebSocket Event: {'t': None, 's': None, 'op': 11, 'd': None}
[2026-08-20 22:02:24] [DEBUG   ] discord.gateway: Keeping shard ID None websocket alive with sequence 8.
[2026-08-20 22:02:24] [DEBUG   ] discord.gateway: For Shard ID None: WebSocket Event: {'t': None, 's': None, 'op': 11, 'd': None}
[2026-08-20 22:03:06] [DEBUG   ] discord.gateway: Keeping shard ID None websocket alive with sequence 8.
[2026-08-20 22:03:06] [DEBUG   ] discord.gateway: For Shard ID None: WebSocket Event: {'t': None, 's': None, 'op': 11, 'd': None}
[2026-08-20 22:03:47] [DEBUG   ] discord.gateway: Keeping shard ID None websocket alive with sequence 8.
[2026-08-20 22:03:47] [DEBUG   ] discord.gateway: For Shard ID None: WebSocket Event: {'t': None, 's': None, 'op': 11, 'd': None}
[2026-08-20 22:04:28] [DEBUG   ] discord.gateway: Keeping shard ID None websocket alive with sequence 8.
[2026-08-20 22:04:28] [DEBUG   ] discord.gateway: For Shard ID None: WebSocket Event: {'t': None, 's': None, 'op': 11, 'd': None}
[2026-08-20 22:05:09] [DEBUG   ] discord.gateway: Keeping shard ID None websocket alive with sequence 8.
[2026-08-20 22:05:10] [DEBUG   ] discord.gateway: For Shard ID None: WebSocket Event: {'t': None, 's': None, 'op': 11, 'd': None}
[2026-08-20 22:05:51] [DEBUG   ] discord.gateway: Keeping shard ID None websocket alive with sequence 8.
[2026-08-20 22:05:51] [DEBUG   ] discord.gateway: For Shard ID None: WebSocket Event: {'t': None, 's': None, 'op': 11, 'd': None}
[2026-08-20 22:06:32] [DEBUG   ] discord.gateway: Keeping shard ID None websocket alive with sequence 8.
[2026-08-20 22:06:32] [DEBUG   ] discord.gateway: For Shard ID None: WebSocket Event: {'t': None, 's': None, 'op': 11, 'd': None}
[2026-08-20 22:07:13] [DEBUG   ] discord.gateway: Keeping shard ID None websocket alive with sequence 8.
[2026-08-20 22:07:13] [DEBUG   ] discord.gateway: For Shard ID None: WebSocket Event: {'t': None, 's': None, 'op': 11, 'd': None}
[2026-08-20 22:07:55] [DEBUG   ] discord.gateway: Keeping shard ID None websocket alive with sequence 8.
[2026-08-20 22:07:55] [DEBUG   ] discord.gateway: For Shard ID None: WebSocket Event: {'t': None, 's': None, 'op': 11, 'd': None}
[2026-08-20 22:08:36] [DEBUG   ] discord.gateway: Keeping shard ID None websocket alive with sequence 8.
[2026-08-20 22:08:36] [DEBUG   ] discord.gateway: For Shard ID None: WebSocket Event: {'t': None, 's': None, 'op': 11, 'd': None}
[2026-08-20 22:09:17] [DEBUG   ] discord.gateway: Keeping shard ID None websocket alive with sequence 8.
[2026-08-20 22:09:17] [DEBUG   ] discord.gateway: For Shard ID None: WebSocket Event: {'t': None, 's': None, 'op': 11, 'd': None}
[2026-08-20 22:09:58] [DEBUG   ] discord.gateway: Keeping shard ID None websocket alive with sequence 8.
[2026-08-20 22:09:58] [DEBUG   ] discord.gateway: For Shard ID None: WebSocket Event: {'t': None, 's': None, 'op': 11, 'd': None}
[2026-08-20 22:10:40] [DEBUG   ] discord.gateway: Keeping shard ID None websocket alive with sequence 8.
[2026-08-20 22:10:40] [DEBUG   ] discord.gateway: For Shard ID None: WebSocket Event: {'t': None, 's': None, 'op': 11, 'd': None}
[2026-08-20 22:11:21] [DEBUG   ] discord.gateway: Keeping shard ID None websocket alive with sequence 8.
[2026-08-20 22:11:21] [DEBUG   ] discord.gateway: For Shard ID None: WebSocket Event: {'t': None, 's': None, 'op': 11, 'd': None}
[2026-08-20 22:12:02] [DEBUG   ] discord.gateway: Keeping shard ID None websocket alive with sequence 8.
[2026-08-20 22:12:02] [DEBUG   ] discord.gateway: For Shard ID None: WebSocket Event: {'t': None, 's': None, 'op': 11, 'd': None}
[2026-08-20 22:12:43] [DEBUG   ] discord.gateway: Keeping shard ID None websocket alive with sequence 8.
[2026-08-20 22:12:43] [DEBUG   ] discord.gateway: For Shard ID None: WebSocket Event: {'t': None, 's': None, 'op': 11, 'd': None}
[2026-08-20 22:13:25] [DEBUG   ] discord.gateway: Keeping shard ID None websocket alive with sequence 8.
[2026-08-20 22:13:25] [DEBUG   ] discord.gateway: For Shard ID None: WebSocket Event: {'t': None, 's': None, 'op': 11, 'd': None}
[2026-08-20 22:14:06] [DEBUG   ] discord.gateway: Keeping shard ID None websocket alive with sequence 8.
[2026-08-20 22:14:06] [DEBUG   ] discord.gateway: For Shard ID None: WebSocket Event: {'t': None, 's': None, 'op': 11, 'd': None}
[2026-08-20 22:14:47] [DEBUG   ] discord.gateway: Keeping shard ID None websocket alive with sequence 8.
[2026-08-20 22:14:47] [DEBUG   ] discord.gateway: For Shard ID None: WebSocket Event: {'t': None, 's': None, 'op': 11, 'd': None}
[2026-08-20 22:15:28] [DEBUG   ] discord.gateway: Keeping shard ID None websocket alive with sequence 8.
[2026-08-20 22:15:28] [DEBUG   ] discord.gateway: For Shard ID None: WebSocket Event: {'t': None, 's': None, 'op': 11, 'd': None}
[2026-08-20 22:16:10] [DEBUG   ] discord.gateway: Keeping shard ID None websocket alive with sequence 8.
[2026-08-20 22:16:10] [DEBUG   ] discord.gateway: For Shard ID None: WebSocket Event: {'t': None, 's': None, 'op': 11, 'd': None}
[2026-08-20 22:16:51] [DEBUG   ] discord.gateway: Keeping shard ID None websocket alive with sequence 8.
[2026-08-20 22:16:51] [DEBUG   ] discord.gateway: For Shard ID None: WebSocket Event: {'t': None, 's': None, 'op': 11, 'd': None}
[2026-08-20 22:17:32] [DEBUG   ] discord.gateway: Keeping shard ID None websocket alive with sequence 8.
[2026-08-20 22:17:32] [DEBUG   ] discord.gateway: For Shard ID None: WebSocket Event: {'t': None, 's': None, 'op': 11, 'd': None}
[2026-08-20 22:18:13] [DEBUG   ] discord.gateway: Keeping shard ID None websocket alive with sequence 8.
[2026-08-20 22:18:13] [DEBUG   ] discord.gateway: For Shard ID None: WebSocket Event: {'t': None, 's': None, 'op': 11, 'd': None}
[2026-08-20 22:18:55] [DEBUG   ] discord.gateway: Keeping shard ID None websocket alive with sequence 8.
[2026-08-20 22:18:55] [DEBUG   ] discord.gateway: For Shard ID None: WebSocket Event: {'t': None, 's': None, 'op': 11, 'd': None}
[2026-08-20 22:19:36] [DEBUG   ] discord.gateway: Keeping shard ID None websocket alive with sequence 8.
[2026-08-20 22:19:36] [DEBUG   ] discord.gateway: For Shard ID None: WebSocket Event: {'t': None, 's': None, 'op': 11, 'd': None}
[2026-08-20 22:20:17] [DEBUG   ] discord.gateway: Keeping shard ID None websocket alive with sequence 8.
[2026-08-20 22:20:17] [DEBUG   ] discord.gateway: For Shard ID None: WebSocket Event: {'t': None, 's': None, 'op': 11, 'd': None}
[2026-08-20 22:20:58] [DEBUG   ] discord.gateway: Keeping shard ID None websocket alive with sequence 8.
[2026-08-20 22:20:58] [DEBUG   ] discord.gateway: For Shard ID None: WebSocket Event: {'t': None, 's': None, 'op': 11, 'd': None}
[2026-08-20 22:21:40] [DEBUG   ] discord.gateway: Keeping shard ID None websocket alive with sequence 8.
[2026-08-20 22:21:40] [DEBUG   ] discord.gateway: For Shard ID None: WebSocket Event: {'t': None, 's': None, 'op': 11, 'd': None}
[2026-08-20 22:22:21] [DEBUG   ] discord.gateway: Keeping shard ID None websocket alive with sequence 8.
[2026-08-20 22:22:21] [DEBUG   ] discord.gateway: For Shard ID None: WebSocket Event: {'t': None, 's': None, 'op': 11, 'd': None}
[2026-08-20 22:23:02] [DEBUG   ] discord.gateway: Keeping shard ID None websocket alive with sequence 8.
[2026-08-20 22:23:02] [DEBUG   ] discord.gateway: For Shard ID None: WebSocket Event: {'t': None, 's': None, 'op': 11, 'd': None}
[2026-08-20 22:23:43] [DEBUG   ] discord.gateway: Keeping shard ID None websocket alive with sequence 8.
[2026-08-20 22:23:44] [DEBUG   ] discord.gateway: For Shard ID None: WebSocket Event: {'t': None, 's': None, 'op': 11, 'd': None}
[2026-08-20 22:24:25] [DEBUG   ] discord.gateway: Keeping shard ID None websocket alive with sequence 8.
[2026-08-20 22:24:25] [DEBUG   ] discord.gateway: For Shard ID None: WebSocket Event: {'t': None, 's': None, 'op': 11, 'd': None}
[2026-08-20 22:25:06] [DEBUG   ] discord.gateway: Keeping shard ID None websocket alive with sequence 8.
[2026-08-20 22:25:06] [DEBUG   ] discord.gateway: For Shard ID None: WebSocket Event: {'t': None, 's': None, 'op': 11, 'd': None}
[2026-08-20 22:25:47] [DEBUG   ] discord.gateway: Keeping shard ID None websocket alive with sequence 8.
[2026-08-20 22:25:47] [DEBUG   ] discord.gateway: For Shard ID None: WebSocket Event: {'t': None, 's': None, 'op': 11, 'd': None}
[2026-08-20 22:26:29] [DEBUG   ] discord.gateway: Keeping shard ID None websocket alive with sequence 8.
[2026-08-20 22:26:29] [DEBUG   ] discord.gateway: For Shard ID None: WebSocket Event: {'t': None, 's': None, 'op': 11, 'd': None}
[2026-08-20 22:27:10] [DEBUG   ] discord.gateway: Keeping shard ID None websocket alive with sequence 8.
[2026-08-20 22:27:10] [DEBUG   ] discord.gateway: For Shard ID None: WebSocket Event: {'t': None, 's': None, 'op': 11, 'd': None}
[2026-08-20 22:27:51] [DEBUG   ] discord.gateway: Keeping shard ID None websocket alive with sequence 8.
[2026-08-20 22:27:51] [DEBUG   ] discord.gateway: For Shard ID None: WebSocket Event: {'t': None, 's': None, 'op': 11, 'd': None}
[2026-08-20 22:28:32] [DEBUG   ] discord.gateway: Keeping shard ID None websocket alive with sequence 8.
[2026-08-20 22:28:32] [DEBUG   ] discord.gateway: For Shard ID None: WebSocket Event: {'t': None, 's': None, 'op': 11, 'd': None}
[2026-08-20 22:29:14] [DEBUG   ] discord.gateway: Keeping shard ID None websocket alive with sequence 8.
[2026-08-20 22:29:14] [DEBUG   ] discord.gateway: For Shard ID None: WebSocket Event: {'t': None, 's': None, 'op': 11, 'd': None}
[2026-08-20 22:29:55] [DEBUG   ] discord.gateway: Keeping shard ID None websocket alive with sequence 8.
[2026-08-20 22:29:55] [DEBUG   ] discord.gateway: For Shard ID None: WebSocket Event: {'t': None, 's': None, 'op': 11, 'd': None}
[2026-08-20 22:30:36] [DEBUG   ] discord.gateway: Keeping shard ID None websocket alive with sequence 8.
[2026-08-20 22:30:36] [DEBUG   ] discord.gateway: For Shard ID None: WebSocket Event: {'t': None, 's': None, 'op': 11, 'd': None}
[2026-08-20 22:31:17] [DEBUG   ] discord.gateway: Keeping shard ID None websocket alive with sequence 8.
[2026-08-20 22:31:17] [DEBUG   ] discord.gateway: For Shard ID None: WebSocket Event: {'t': None, 's': None, 'op': 11, 'd': None}
[2026-08-20 22:31:59] [DEBUG   ] discord.gateway: Keeping shard ID None websocket alive with sequence 8.
[2026-08-20 22:31:59] [DEBUG   ] discord.gateway: For Shard ID None: WebSocket Event: {'t': None, 's': None, 'op': 11, 'd': None}
[2026-08-20 22:32:40] [DEBUG   ] discord.gateway: Keeping shard ID None websocket alive with sequence 8.
[2026-08-20 22:32:40] [DEBUG   ] discord.gateway: For Shard ID None: WebSocket Event: {'t': None, 's': None, 'op': 11, 'd': None}
[2026-08-20 22:33:21] [DEBUG   ] discord.gateway: Keeping shard ID None websocket alive with sequence 8.
[2026-08-20 22:33:21] [DEBUG   ] discord.gateway: For Shard ID None: WebSocket Event: {'t': None, 's': None, 'op': 11, 'd': None}
[2026-08-20 22:34:02] [DEBUG   ] discord.gateway: Keeping shard ID None websocket alive with sequence 8.
[2026-08-20 22:34:02] [DEBUG   ] discord.gateway: For Shard ID None: WebSocket Event: {'t': None, 's': None, 'op': 11, 'd': None}
[2026-08-20 22:34:44] [DEBUG   ] discord.gateway: Keeping shard ID None websocket alive with sequence 8.
[2026-08-20 22:34:44] [DEBUG   ] discord.gateway: For Shard ID None: WebSocket Event: {'t': None, 's': None, 'op': 11, 'd': None}
[2026-08-20 22:35:25] [DEBUG   ] discord.gateway: Keeping shard ID None websocket alive with sequence 8.
[2026-08-20 22:35:25] [DEBUG   ] discord.gateway: For Shard ID None: WebSocket Event: {'t': None, 's': None, 'op': 11, 'd': None}
[2026-08-20 22:36:06] [DEBUG   ] discord.gateway: Keeping shard ID None websocket alive with sequence 8.
[2026-08-20 22:36:06] [DEBUG   ] discord.gateway: For Shard ID None: WebSocket Event: {'t': None, 's': None, 'op': 11, 'd': None}
[2026-08-20 22:36:47] [DEBUG   ] discord.gateway: Keeping shard ID None websocket alive with sequence 8.
[2026-08-20 22:36:48] [DEBUG   ] discord.gateway: For Shard ID None: WebSocket Event: {'t': None, 's': None, 'op': 11, 'd': None}
[2026-08-20 22:37:29] [DEBUG   ] discord.gateway: Keeping shard ID None websocket alive with sequence 8.
[2026-08-20 22:37:29] [DEBUG   ] discord.gateway: For Shard ID None: WebSocket Event: {'t': None, 's': None, 'op': 11, 'd': None}
[2026-08-20 22:38:10] [DEBUG   ] discord.gateway: Keeping shard ID None websocket alive with sequence 8.
[2026-08-20 22:38:10] [DEBUG   ] discord.gateway: For Shard ID None: WebSocket Event: {'t': None, 's': None, 'op': 11, 'd': None}
[2026-08-20 22:38:51] [DEBUG   ] discord.gateway: Keeping shard ID None websocket alive with sequence 8.
[2026-08-20 22:38:51] [DEBUG   ] discord.gateway: For Shard ID None: WebSocket Event: {'t': None, 's': None, 'op': 11, 'd': None}
[2026-08-20 22:39:33] [DEBUG   ] discord.gateway: Keeping shard ID None websocket alive with sequence 8.
[2026-08-20 22:39:33] [DEBUG   ] discord.gateway: For Shard ID None: WebSocket Event: {'t': None, 's': None, 'op': 11, 'd': None}
[2026-08-20 22:40:14] [DEBUG   ] discord.gateway: Keeping shard ID None websocket alive with sequence 8.
[2026-08-20 22:40:14] [DEBUG   ] discord.gateway: For Shard ID None: WebSocket Event: {'t': None, 's': None, 'op': 11, 'd': None}
[2026-08-20 22:40:55] [DEBUG   ] discord.gateway: Keeping shard ID None websocket alive with sequence 8.
[2026-08-20 22:40:55] [DEBUG   ] discord.gateway: For Shard ID None: WebSocket Event: {'t': None, 's': None, 'op': 11, 'd': None}
[2026-08-20 22:41:36] [DEBUG   ] discord.gateway: Keeping shard ID None websocket alive with sequence 8.
[2026-08-20 22:41:36] [DEBUG   ] discord.gateway: For Shard ID None: WebSocket Event: {'t': None, 's': None, 'op': 11, 'd': None}
[2026-08-20 22:42:18] [DEBUG   ] discord.gateway: Keeping shard ID None websocket alive with sequence 8.
[2026-08-20 22:42:18] [DEBUG   ] discord.gateway: For Shard ID None: WebSocket Event: {'t': None, 's': None, 'op': 11, 'd': None}
[2026-08-20 22:42:59] [DEBUG   ] discord.gateway: Keeping shard ID None websocket alive with sequence 8.
[2026-08-20 22:42:59] [DEBUG   ] discord.gateway: For Shard ID None: WebSocket Event: {'t': None, 's': None, 'op': 11, 'd': None}
[2026-08-20 22:43:40] [DEBUG   ] discord.gateway: Keeping shard ID None websocket alive with sequence 8.
[2026-08-20 22:43:40] [DEBUG   ] discord.gateway: For Shard ID None: WebSocket Event: {'t': None, 's': None, 'op': 11, 'd': None}
[2026-08-20 22:44:21] [DEBUG   ] discord.gateway: Keeping shard ID None websocket alive with sequence 8.
[2026-08-20 22:44:21] [DEBUG   ] discord.gateway: For Shard ID None: WebSocket Event: {'t': None, 's': None, 'op': 11, 'd': None}
[2026-08-20 22:45:03] [DEBUG   ] discord.gateway: Keeping shard ID None websocket alive with sequence 8.
[2026-08-20 22:45:03] [DEBUG   ] discord.gateway: For Shard ID None: WebSocket Event: {'t': None, 's': None, 'op': 11, 'd': None}
[2026-08-20 22:45:44] [DEBUG   ] discord.gateway: Keeping shard ID None websocket alive with sequence 8.
[2026-08-20 22:45:44] [DEBUG   ] discord.gateway: For Shard ID None: WebSocket Event: {'t': None, 's': None, 'op': 11, 'd': None}
[2026-08-20 22:46:25] [DEBUG   ] discord.gateway: Keeping shard ID None websocket alive with sequence 8.
[2026-08-20 22:46:25] [DEBUG   ] discord.gateway: For Shard ID None: WebSocket Event: {'t': None, 's': None, 'op': 11, 'd': None}
[2026-08-20 22:47:06] [DEBUG   ] discord.gateway: Keeping shard ID None websocket alive with sequence 8.
[2026-08-20 22:47:06] [DEBUG   ] discord.gateway: For Shard ID None: WebSocket Event: {'t': None, 's': None, 'op': 11, 'd': None}
[2026-08-20 22:47:48] [DEBUG   ] discord.gateway: Keeping shard ID None websocket alive with sequence 8.
[2026-08-20 22:47:48] [DEBUG   ] discord.gateway: For Shard ID None: WebSocket Event: {'t': None, 's': None, 'op': 11, 'd': None}
[2026-08-20 22:48:29] [DEBUG   ] discord.gateway: Keeping shard ID None websocket alive with sequence 8.
[2026-08-20 22:48:29] [DEBUG   ] discord.gateway: For Shard ID None: WebSocket Event: {'t': None, 's': None, 'op': 11, 'd': None}
[2026-08-20 22:49:10] [DEBUG   ] discord.gateway: Keeping shard ID None websocket alive with sequence 8.
[2026-08-20 22:49:10] [DEBUG   ] discord.gateway: For Shard ID None: WebSocket Event: {'t': None, 's': None, 'op': 11, 'd': None}
[2026-08-20 22:49:51] [DEBUG   ] discord.gateway: Keeping shard ID None websocket alive with sequence 8.
[2026-08-20 22:49:52] [DEBUG   ] discord.gateway: For Shard ID None: WebSocket Event: {'t': None, 's': None, 'op': 11, 'd': None}
[2026-08-20 22:50:33] [DEBUG   ] discord.gateway: Keeping shard ID None websocket alive with sequence 8.
[2026-08-20 22:50:33] [DEBUG   ] discord.gateway: For Shard ID None: WebSocket Event: {'t': None, 's': None, 'op': 11, 'd': None}
[2026-08-20 22:51:14] [DEBUG   ] discord.gateway: Keeping shard ID None websocket alive with sequence 8.
[2026-08-20 22:51:14] [DEBUG   ] discord.gateway: For Shard ID None: WebSocket Event: {'t': None, 's': None, 'op': 11, 'd': None}
[2026-08-20 22:51:55] [DEBUG   ] discord.gateway: Keeping shard ID None websocket alive with sequence 8.
[2026-08-20 22:51:55] [DEBUG   ] discord.gateway: For Shard ID None: WebSocket Event: {'t': None, 's': None, 'op': 11, 'd': None}
[2026-08-20 22:52:36] [DEBUG   ] discord.gateway: Keeping shard ID None websocket alive with sequence 8.
[2026-08-20 22:52:37] [DEBUG   ] discord.gateway: For Shard ID None: WebSocket Event: {'t': None, 's': None, 'op': 11, 'd': None}
[2026-08-20 22:53:18] [DEBUG   ] discord.gateway: Keeping shard ID None websocket alive with sequence 8.
[2026-08-20 22:53:18] [DEBUG   ] discord.gateway: For Shard ID None: WebSocket Event: {'t': None, 's': None, 'op': 11, 'd': None}
[2026-08-20 22:53:59] [DEBUG   ] discord.gateway: Keeping shard ID None websocket alive with sequence 8.
[2026-08-20 22:53:59] [DEBUG   ] discord.gateway: For Shard ID None: WebSocket Event: {'t': None, 's': None, 'op': 11, 'd': None}
[2026-08-20 22:54:40] [DEBUG   ] discord.gateway: Keeping shard ID None websocket alive with sequence 8.
[2026-08-20 22:54:40] [DEBUG   ] discord.gateway: For Shard ID None: WebSocket Event: {'t': None, 's': None, 'op': 11, 'd': None}
[2026-08-20 22:55:22] [DEBUG   ] discord.gateway: Keeping shard ID None websocket alive with sequence 8.
[2026-08-20 22:55:22] [DEBUG   ] discord.gateway: For Shard ID None: WebSocket Event: {'t': None, 's': None, 'op': 11, 'd': None}
[2026-08-20 22:56:03] [DEBUG   ] discord.gateway: Keeping shard ID None websocket alive with sequence 8.
[2026-08-20 22:56:03] [DEBUG   ] discord.gateway: For Shard ID None: WebSocket Event: {'t': None, 's': None, 'op': 11, 'd': None}
[2026-08-20 22:56:44] [DEBUG   ] discord.gateway: Keeping shard ID None websocket alive with sequence 8.
[2026-08-20 22:56:44] [DEBUG   ] discord.gateway: For Shard ID None: WebSocket Event: {'t': None, 's': None, 'op': 11, 'd': None}
[2026-08-20 22:57:25] [DEBUG   ] discord.gateway: Keeping shard ID None websocket alive with sequence 8.
[2026-08-20 22:57:25] [DEBUG   ] discord.gateway: For Shard ID None: WebSocket Event: {'t': None, 's': None, 'op': 11, 'd': None}
[2026-08-20 22:58:07] [DEBUG   ] discord.gateway: Keeping shard ID None websocket alive with sequence 8.
[2026-08-20 22:58:07] [DEBUG   ] discord.gateway: For Shard ID None: WebSocket Event: {'t': None, 's': None, 'op': 11, 'd': None}
[2026-08-20 22:58:48] [DEBUG   ] discord.gateway: Keeping shard ID None websocket alive with sequence 8.
[2026-08-20 22:58:48] [DEBUG   ] discord.gateway: For Shard ID None: WebSocket Event: {'t': None, 's': None, 'op': 11, 'd': None}
[2026-08-20 22:59:29] [DEBUG   ] discord.gateway: Keeping shard ID None websocket alive with sequence 8.
[2026-08-20 22:59:29] [DEBUG   ] discord.gateway: For Shard ID None: WebSocket Event: {'t': None, 's': None, 'op': 11, 'd': None}
[2026-08-20 23:00:10] [DEBUG   ] discord.gateway: Keeping shard ID None websocket alive with sequence 8.
[2026-08-20 23:00:10] [DEBUG   ] discord.gateway: For Shard ID None: WebSocket Event: {'t': None, 's': None, 'op': 11, 'd': None}
[2026-08-20 23:00:52] [DEBUG   ] discord.gateway: Keeping shard ID None websocket alive with sequence 8.
[2026-08-20 23:00:52] [DEBUG   ] discord.gateway: For Shard ID None: WebSocket Event: {'t': None, 's': None, 'op': 11, 'd': None}
[2026-08-20 23:01:33] [DEBUG   ] discord.gateway: Keeping shard ID None websocket alive with sequence 8.
[2026-08-20 23:01:33] [DEBUG   ] discord.gateway: For Shard ID None: WebSocket Event: {'t': None, 's': None, 'op': 11, 'd': None}
[2026-08-20 23:02:14] [DEBUG   ] discord.gateway: Keeping shard ID None websocket alive with sequence 8.
[2026-08-20 23:02:14] [DEBUG   ] discord.gateway: For Shard ID None: WebSocket Event: {'t': None, 's': None, 'op': 11, 'd': None}
[2026-08-20 23:02:55] [DEBUG   ] discord.gateway: Keeping shard ID None websocket alive with sequence 8.
[2026-08-20 23:02:55] [DEBUG   ] discord.gateway: For Shard ID None: WebSocket Event: {'t': None, 's': None, 'op': 11, 'd': None}
[2026-08-20 23:03:32] [DEBUG   ] discord.gateway: For Shard ID None: WebSocket Event: {'t': None, 's': None, 'op': 7, 'd': None}
[2026-08-20 23:03:32] [DEBUG   ] discord.gateway: Received RECONNECT opcode.
[2026-08-20 23:03:32] [DEBUG   ] discord.client: Got a request to RESUME the websocket.
[2026-08-20 23:03:32] [DEBUG   ] discord.client: Dispatching event disconnect
[2026-08-20 23:03:32] [DEBUG   ] discord.gateway: Created websocket connected to wss://gateway-us-east1-b.discord.gg
[2026-08-20 23:03:32] [DEBUG   ] discord.gateway: For Shard ID None: WebSocket Event: {'t': None, 's': None, 'op': 10, 'd': {'heartbeat_interval': 41250, '_trace': ['["gateway-prd-arm-us-east1-b-s4xg",{"micros":0.0}]']}}
[2026-08-20 23:03:32] [DEBUG   ] discord.gateway: Shard ID None has sent the RESUME payload.
[2026-08-20 23:03:32] [DEBUG   ] discord.gateway: For Shard ID None: WebSocket Event: {'t': None, 's': None, 'op': 11, 'd': None}
[2026-08-20 23:03:32] [DEBUG   ] discord.gateway: For Shard ID None: WebSocket Event: {'t': 'RESUMED', 's': 9, 'op': 0, 'd': {'_trace': ['["gateway-prd-arm-us-east1-b-s4xg",{"micros":447,"calls":["id_created",{"micros":0,"calls":[]},"session_lookup_time",{"micros":191,"calls":[]},"session_lookup_finished",{"micros":10,"calls":[]},"sessions-prd-gcp-us-east1-b-55",{"micros":16}]}]']}}
[2026-08-20 23:03:32] [DEBUG   ] discord.client: Dispatching event socket_event_type
[2026-08-20 23:03:32] [INFO    ] discord.gateway: Shard ID None has successfully RESUMED session 85d98f524cc5f0dc8a124f6253f9dff0.
[2026-08-20 23:03:32] [DEBUG   ] discord.client: Dispatching event resumed
[2026-08-20 23:04:14] [DEBUG   ] discord.gateway: Keeping shard ID None websocket alive with sequence 9.
[2026-08-20 23:04:14] [DEBUG   ] discord.gateway: For Shard ID None: WebSocket Event: {'t': None, 's': None, 'op': 11, 'd': None}
[2026-08-20 23:04:55] [DEBUG   ] discord.gateway: Keeping shard ID None websocket alive with sequence 9.
[2026-08-20 23:04:55] [DEBUG   ] discord.gateway: For Shard ID None: WebSocket Event: {'t': None, 's': None, 'op': 11, 'd': None}
[2026-08-20 23:05:36] [DEBUG   ] discord.gateway: Keeping shard ID None websocket alive with sequence 9.
[2026-08-20 23:05:36] [DEBUG   ] discord.gateway: For Shard ID None: WebSocket Event: {'t': None, 's': None, 'op': 11, 'd': None}
[2026-08-20 23:06:17] [DEBUG   ] discord.gateway: Keeping shard ID None websocket alive with sequence 9.
[2026-08-20 23:06:17] [DEBUG   ] discord.gateway: For Shard ID None: WebSocket Event: {'t': None, 's': None, 'op': 11, 'd': None}
[2026-08-20 23:06:59] [DEBUG   ] discord.gateway: Keeping shard ID None websocket alive with sequence 9.
[2026-08-20 23:06:59] [DEBUG   ] discord.gateway: For Shard ID None: WebSocket Event: {'t': None, 's': None, 'op': 11, 'd': None}
[2026-08-20 23:07:40] [DEBUG   ] discord.gateway: Keeping shard ID None websocket alive with sequence 9.
[2026-08-20 23:07:40] [DEBUG   ] discord.gateway: For Shard ID None: WebSocket Event: {'t': None, 's': None, 'op': 11, 'd': None}
[2026-08-20 23:08:21] [DEBUG   ] discord.gateway: Keeping shard ID None websocket alive with sequence 9.
[2026-08-20 23:08:21] [DEBUG   ] discord.gateway: For Shard ID None: WebSocket Event: {'t': None, 's': None, 'op': 11, 'd': None}
[2026-08-20 23:09:02] [DEBUG   ] discord.gateway: Keeping shard ID None websocket alive with sequence 9.
[2026-08-20 23:09:02] [DEBUG   ] discord.gateway: For Shard ID None: WebSocket Event: {'t': None, 's': None, 'op': 11, 'd': None}
[2026-08-20 23:09:44] [DEBUG   ] discord.gateway: Keeping shard ID None websocket alive with sequence 9.
[2026-08-20 23:09:44] [DEBUG   ] discord.gateway: For Shard ID None: WebSocket Event: {'t': None, 's': None, 'op': 11, 'd': None}
[2026-08-20 23:10:25] [DEBUG   ] discord.gateway: Keeping shard ID None websocket alive with sequence 9.
[2026-08-20 23:10:25] [DEBUG   ] discord.gateway: For Shard ID None: WebSocket Event: {'t': None, 's': None, 'op': 11, 'd': None}
[2026-08-20 23:11:06] [DEBUG   ] discord.gateway: Keeping shard ID None websocket alive with sequence 9.
[2026-08-20 23:11:06] [DEBUG   ] discord.gateway: For Shard ID None: WebSocket Event: {'t': None, 's': None, 'op': 11, 'd': None}
[2026-08-20 23:11:47] [DEBUG   ] discord.gateway: Keeping shard ID None websocket alive with sequence 9.
[2026-08-20 23:11:47] [DEBUG   ] discord.gateway: For Shard ID None: WebSocket Event: {'t': None, 's': None, 'op': 11, 'd': None}
[2026-08-20 23:12:29] [DEBUG   ] discord.gateway: Keeping shard ID None websocket alive with sequence 9.
[2026-08-20 23:12:29] [DEBUG   ] discord.gateway: For Shard ID None: WebSocket Event: {'t': None, 's': None, 'op': 11, 'd': None}
[2026-08-20 23:13:10] [DEBUG   ] discord.gateway: Keeping shard ID None websocket alive with sequence 9.
[2026-08-20 23:13:10] [DEBUG   ] discord.gateway: For Shard ID None: WebSocket Event: {'t': None, 's': None, 'op': 11, 'd': None}
[2026-08-20 23:13:51] [DEBUG   ] discord.gateway: Keeping shard ID None websocket alive with sequence 9.
[2026-08-20 23:13:51] [DEBUG   ] discord.gateway: For Shard ID None: WebSocket Event: {'t': None, 's': None, 'op': 11, 'd': None}
[2026-08-20 23:14:32] [DEBUG   ] discord.gateway: Keeping shard ID None websocket alive with sequence 9.
[2026-08-20 23:14:32] [DEBUG   ] discord.gateway: For Shard ID None: WebSocket Event: {'t': None, 's': None, 'op': 11, 'd': None}
[2026-08-20 23:15:14] [DEBUG   ] discord.gateway: Keeping shard ID None websocket alive with sequence 9.
[2026-08-20 23:15:14] [DEBUG   ] discord.gateway: For Shard ID None: WebSocket Event: {'t': None, 's': None, 'op': 11, 'd': None}
[2026-08-20 23:15:55] [DEBUG   ] discord.gateway: Keeping shard ID None websocket alive with sequence 9.
[2026-08-20 23:15:55] [DEBUG   ] discord.gateway: For Shard ID None: WebSocket Event: {'t': None, 's': None, 'op': 11, 'd': None}
[2026-08-20 23:16:36] [DEBUG   ] discord.gateway: Keeping shard ID None websocket alive with sequence 9.
[2026-08-20 23:16:36] [DEBUG   ] discord.gateway: For Shard ID None: WebSocket Event: {'t': None, 's': None, 'op': 11, 'd': None}
[2026-08-20 23:17:17] [DEBUG   ] discord.gateway: Keeping shard ID None websocket alive with sequence 9.
[2026-08-20 23:17:18] [DEBUG   ] discord.gateway: For Shard ID None: WebSocket Event: {'t': None, 's': None, 'op': 11, 'd': None}
[2026-08-20 23:17:59] [DEBUG   ] discord.gateway: Keeping shard ID None websocket alive with sequence 9.
[2026-08-20 23:17:59] [DEBUG   ] discord.gateway: For Shard ID None: WebSocket Event: {'t': None, 's': None, 'op': 11, 'd': None}
[2026-08-20 23:18:40] [DEBUG   ] discord.gateway: Keeping shard ID None websocket alive with sequence 9.
[2026-08-20 23:18:40] [DEBUG   ] discord.gateway: For Shard ID None: WebSocket Event: {'t': None, 's': None, 'op': 11, 'd': None}
